Date,Close,EMA_10Days,SMA_120Days,RSI-12,PVI,NVI
2020-01-02,28.700000762939453,28.21230230482233,27.42499998410543,73.17369015397223,100.52539940415897,100.0
2020-01-03,28.649999618530273,28.29188363458741,27.420416641235352,71.40237139875262,99.82577998926834,100.0
2020-01-06,28.450000762939453,28.320632203378686,27.413749980926514,64.58084428831465,99.82577998926834,99.30192370592053
2020-01-07,28.450000762939453,28.34415375966246,27.406666660308836,64.58084428831465,100.0,100.0
2020-01-08,28.25,28.327034894269286,27.397916666666667,57.987788051402816,99.29700963945145,100.0
2020-01-09,28.799999237060547,28.41302841114042,27.394999996821085,67.83799183177467,99.29700963945145,101.94689995419662
2020-01-10,28.799999237060547,28.483386743125894,27.38958331743876,67.83799183177467,100.0,101.94689995419662
2020-01-13,29.149999618530273,28.604589084108508,27.390833314259847,72.68766100889417,101.21527913451934,100.0
2020-01-14,29.049999237060547,28.685572748281604,27.3899999777476,69.42475178474038,99.65694551362478,100.0
2020-01-15,28.950000762939453,28.733650569128486,27.387916644414265,66.18377365093664,99.65694551362478,99.6557711643809
2020-01-16,29.0,28.78207773837785,27.385416650772093,67.0234756942383,100.0,100.17270893175434
2020-01-17,29.200000762939453,28.858063742843598,27.386666663487752,70.24737984718067,100.0,100.6896578032395
2020-01-20,28.950000762939453,28.87477956467921,27.38791667620341,61.98406645404957,99.14383563880827,100.6896578032395
2020-01-21,28.149999618530273,28.74300139265213,27.38208333651225,43.94032724878747,97.23661097296652,100.0
2020-01-22,28.549999237060547,28.707910091635476,27.382499996821085,51.62194069924051,97.23661097296652,101.42095781154812
2020-01-23,28.0,28.57919916588357,27.380000003178914,42.82065249732252,98.07355778718691,101.42095781154812
2020-01-24,28.100000381469727,28.49207211417196,27.38416666984558,44.69105643694131,98.07355778718691,100.35714421953473
2020-01-29,27.299999237060547,28.27533159106079,27.38791666030884,34.76608059207767,97.15302087705048,100.35714421953473
2020-01-30,26.649999618530273,27.979816686964334,27.387083323796592,29.048155597459754,97.61904894983337,100.0
2020-01-31,26.5,27.710759107516274,27.384999990463257,27.893247527229335,97.61904894983337,99.43714964098545
2020-02-03,26.5,27.49062108796786,27.382083320617674,27.89324752722935,100.0,99.43714964098545
2020-02-04,26.850000381469727,27.37414459587729,27.383749993642173,35.06258962888435,100.0,101.32075615648954
2020-02-05,26.950000762939453,27.297027535343137,27.3875,37.01452518606623,100.37244089403715,101.32075615648954
2020-02-06,27.700000762939453,27.3702953949061,27.401666673024497,49.447184333674905,102.7829312755767,100.0
2020-02-07,27.549999237060547,27.402968820752363,27.414999993642173,47.405559810985864,102.7829312755767,99.45847826083963
2020-02-10,27.399999618530273,27.40242896580289,27.42499998410543,45.36235033633274,99.45553675976697,99.45847826083963
2020-02-11,27.75,27.465623699293275,27.435416650772094,50.76407719869933,99.45553675976697,101.27737367278291
2020-02-12,28.049999237060547,27.571873797069138,27.444583304723103,54.93050180410842,101.08107833174972,101.27737367278291
2020-02-13,27.950000762939453,27.640624154500102,27.4524999777476,53.29068793335652,101.08107833174972,99.64349919129776
2020-02-14,28.0,27.705965217318262,27.460833311080933,54.03907846164369,100.1788881420241,99.64349919129776
2020-02-17,28.149999618530273,27.786698744811353,27.472083314259848,56.32906354848655,100.53571292332241,100.0
2020-02-18,27.700000762939453,27.7709354753801,27.478749990463257,48.43167929325374,100.53571292332241,98.40142500288135
2020-02-19,27.850000381469727,27.78531091285094,27.49041665395101,50.933209194677346,100.54151485342543,98.40142500288135
2020-02-20,27.75,27.77889074687804,27.501666657129924,49.19754307130164,100.54151485342543,99.6409322078995
2020-02-21,27.5,27.72818333835476,27.51124998728434,45.014040359444344,100.0,99.09909909909909
2020-02-24,27.049999237060547,27.60487713811945,27.516249974568684,38.57317996382201,98.36363358931108,99.09909909909909
2020-02-25,27.100000381469727,27.513081364183133,27.521249977747598,39.62040813931554,98.36363358931108,100.18484711948041
2020-02-26,26.950000762939453,27.41070307304792,27.525833320617675,37.52667127782578,99.44649588037335,100.18484711948041
2020-02-27,27.149999618530273,27.3633024449538,27.532916657129924,41.98592747533566,99.44649588037335,100.74211076040432
2020-02-28,26.450000762939453,27.197247593678462,27.525833336512246,32.993864421919895,97.4217353022979,100.74211076040432
2020-03-02,26.649999618530273,27.097747961833335,27.519583336512248,37.18686392367843,97.4217353022979,100.75613931879748
2020-03-03,26.600000381469727,27.007248401767225,27.5125,36.56287765037408,99.8123855993387,100.75613931879748
2020-03-04,26.549999237060547,26.924112190002376,27.504166666666666,35.905594155242795,99.8123855993387,99.81202577559355
2020-03-05,27.049999237060547,26.94700074401295,27.5,46.4141108782174,101.88323922549144,99.81202577559355
2020-03-06,26.5,26.86572788146514,27.487916660308837,38.7836522581114,101.88323922549144,97.96673104409184
2020-03-09,26.450000762939453,26.79014113264229,27.475416660308838,38.16147291761216,100.0,99.81132363373379
2020-03-10,25.450000762939453,26.546479247241773,27.45249999364217,28.26735235753347,100.0,99.81132363373379
2020-03-11,25.75,26.40166483865236,27.43416665395101,33.877925766918125,100.0,100.0
2020-03-12,25.549999237060547,26.246816547453847,27.416666650772093,32.05453428080122,100.0,100.0
2020-03-13,24.600000381469727,25.947395426365823,27.39124999046326,25.064212533191153,100.0,100.0
2020-03-16,24.399999618530273,25.666050734032083,27.366666650772096,23.868753849056347,100.0,100.0
2020-03-17,23.350000381469727,25.244950669929835,27.33333331743876,18.74756059534063,100.0,100.0
2020-03-18,23.600000381469727,24.945868799300722,27.304166650772096,23.036648774758632,100.0,100.0
2020-03-19,22.0,24.410256290336953,27.260833311080933,16.83287968895023,93.22033747623998,100.0
2020-03-20,23.100000381469727,24.172027943270184,27.229583311080933,30.80794545355147,93.22033747623998,105.0000017339533
2020-03-23,22.0,23.777113771766512,27.188749980926513,26.035354139936686,95.2380936653485,105.0000017339533
2020-03-24,23.049999237060547,23.6449111290927,27.157083304723105,36.309604904861516,104.77272380482067,100.0
2020-03-25,23.799999237060547,23.673108966905033,27.130833292007445,42.53012984784141,103.25379620314314,100.0
2020-03-26,23.600000381469727,23.659816496825886,27.103333298365275,41.35513136545491,103.25379620314314,99.15966864705025
2020-03-27,23.75,23.676213497402998,27.07624996503194,42.651457237536846,100.63559159366815,99.15966864705025
2020-03-30,23.399999618530273,23.62599279215341,27.0487499554952,40.37944116570988,98.52631418328536,100.0
2020-03-31,23.850000381469727,23.666721444756377,27.02416663169861,44.52433432738617,98.52631418328536,101.92308021485223
2020-04-01,23.299999237060547,23.600044679720767,26.996666622161865,40.7472673108159,97.69391557395318,101.92308021485223
2020-04-02,23.5,23.581854737953353,26.97083328564962,42.67633653824286,97.69391557395318,100.8583724012374
2020-04-03,23.450000762939453,23.557881287950824,26.938749965031942,42.300751916368036,100.0,99.78723728910406
2020-04-06,23.950000762939453,23.629175737948756,26.909583298365273,47.355174499395694,102.13219609267648,99.78723728910406
2020-04-07,24.5,23.787507421958075,26.885416634877522,52.36276268300243,102.29644768075174,100.0
2020-04-08,24.200000762939453,23.862506211227416,26.857499980926512,49.55777267367379,102.29644768075174,98.77551331812022
2020-04-09,24.5,23.978414172822433,26.829999987284342,52.342778125123864,100.0,101.23966622976299
2020-04-14,24.700000762939453,24.10961173466189,26.80541666348775,54.18254509967336,100.0,100.81632964465084
2020-04-15,24.299999237060547,24.144227644188916,26.77791665395101,49.97342096977716,98.38056067399367,100.81632964465084
2020-04-16,24.25,24.163458981609114,26.74916664759318,49.44959698590546,99.79424181633598,100.0
2020-04-17,24.549999237060547,24.233739028054828,26.72458330790202,52.69521010622106,101.23711025591979,100.0
2020-04-20,24.600000381469727,24.300332001402992,26.69916664759318,53.24107479709533,101.23711025591979,100.20367065565402
2020-04-21,24.0,24.245726182966084,26.66874998410543,46.254084816462644,100.0,97.56097409688788
2020-04-22,24.100000381469727,24.219230582694017,26.63791666030884,47.506610425301474,100.41666825612386,97.56097409688788
2020-04-23,24.149999618530273,24.206643134664247,26.607916657129923,48.165496570888656,100.41666825612386,100.20746571066029
2020-04-24,24.049999237060547,24.178162426009028,26.578333314259847,46.881585654800716,100.0,99.58591973892622
2020-04-27,24.5,24.236678348552843,26.557083320617675,53.02820302098488,101.87110510276446,99.58591973892622
2020-04-28,24.75,24.33000955790687,26.535833326975503,56.10647411474022,101.87110510276446,101.0204081632653
2020-04-29,24.75,24.406371456469255,26.510833326975504,56.10647411474022,100.0,101.0204081632653
2020-05-04,23.75,24.28703119165666,26.476666657129922,42.76519994991379,100.0,95.95959595959596
2020-05-05,24.0,24.234843702264538,26.444583320617674,46.250855419150604,100.0,101.05263157894737
2020-05-06,24.350000381469727,24.255781280301843,26.414166657129922,50.82476718838302,101.45833492279053,101.05263157894737
2020-05-07,24.149999618530273,24.23654825088883,26.383749993642173,48.26444153941942,101.45833492279053,99.17864164350628
2020-05-08,24.399999618530273,24.266266681369093,26.361249987284342,51.58990844500045,101.0351967037224,99.17864164350628
2020-05-11,24.799999237060547,24.36330896422208,26.341249974568687,56.47335876454034,101.63934272452406,100.0
2020-05-12,24.450000762939453,24.37907110944342,26.322499974568686,51.51310669401421,101.63934272452406,98.58871578674058
2020-05-13,24.350000381469727,24.37378552253911,26.304166650772096,50.14041772645855,99.59100049754885,98.58871578674058
2020-05-14,24.0,24.30582451844109,26.28333331743876,45.510034004722556,99.59100049754885,98.5626267926629
2020-05-15,24.0,24.250220060542706,26.259999990463257,45.51003400472256,100.0,98.5626267926629
2020-05-18,24.200000762939453,24.241089279160295,26.23458333015442,48.72986971256975,100.0,100.83333651224773
2020-05-19,24.600000381469727,24.306345843216555,26.214166673024497,54.58495720301767,101.65289093355254,100.83333651224773
2020-05-20,24.649999618530273,24.368828347819047,26.197916666666668,55.28134327852251,101.65289093355254,100.20324892798867
2020-05-21,24.450000762939453,24.383586968750027,26.178750006357827,51.81434925481685,99.18864560370835,100.20324892798867
2020-05-22,23.149999618530273,24.15929835961916,26.145416673024496,35.86481805415475,94.68302207016828,100.0
2020-05-25,23.149999618530273,23.975789497603,26.1125,35.86481805415475,94.68302207016828,100.0
2020-05-26,23.649999618530273,23.91655497413523,26.083333333333332,43.78529288337336,102.1598272494129,100.0
2020-05-27,23.5,23.84081770611064,26.053750006357827,42.08437073635235,102.1598272494129,99.36575213129075
2020-05-28,23.350000381469727,23.75157819253956,26.027500009536745,40.37340952165538,99.361703750935,99.36575213129075
2020-05-29,23.200000762939453,23.651291387157723,25.998750019073487,38.65883392562795,99.361703750935,99.35760335726027
2020-06-01,23.979999542236328,23.711056506262924,25.977333354949952,50.56756624357391,100.0,103.3620635933033
2020-06-02,24.260000228881836,23.81086445583,25.960750023523968,54.060224612309106,101.1676425854485,103.3620635933033
2020-06-03,24.68000030517578,23.96888915571105,25.94600001970927,58.82120686482124,101.1676425854485,101.7312451456366
2020-06-04,24.719999313354492,24.105454638918946,25.929916683832804,59.25985739056155,100.1620705335661,101.7312451456366
2020-06-05,25.139999389648438,24.293553684506122,25.916916672388712,63.69038449353651,100.1620705335661,101.69902948203986
2020-06-08,25.139999389648438,24.447452903622903,25.904749997456868,63.69038449353651,100.0,100.0
2020-06-09,25.440000534057617,24.627916109156484,25.893416674931846,66.7629813209636,100.0,101.19332200355068
2020-06-10,25.459999084472656,24.779203922850336,25.878916660944622,66.96626651795805,100.0786106524969,101.19332200355068
2020-06-11,24.860000610351562,24.79389422966874,25.8539999961853,55.79678403030295,100.0786106524969,97.64336804518184
2020-06-12,24.700000762939453,24.776822690263415,25.828999996185303,53.214721578295254,100.0,99.35639644616305
2020-06-15,24.200000762939453,24.671945976204512,25.797333335876466,45.963521829506554,97.97570856455108,99.35639644616305
2020-06-16,24.799999237060547,24.695228387269243,25.770250002543133,54.143428655309066,97.97570856455108,102.47933245952598
2020-06-17,24.899999618530273,24.732459520225795,25.744416666030883,55.37174793815695,100.0,100.40322735704075
2020-06-18,24.8799991607666,24.75928490941503,25.717166662216187,55.05001614423005,100.0,99.91967687522056
2020-06-19,25.059999465942383,24.813960283329095,25.69183332125346,57.475861637624185,100.72347391980473,99.91967687522056
2020-06-22,25.0,24.84778568636017,25.66683332125346,56.36964146701114,100.72347391980473,99.76057674692322
2020-06-23,25.360000610351562,24.94091567254042,25.641499996185303,61.25120251593855,101.44000244140625,99.76057674692322
2020-06-24,25.239999771118164,24.995294599554555,25.61391666730245,58.856593185449555,101.44000244140625,99.5268105822347
2020-06-26,25.0,24.996150126908272,25.584333340326946,54.230849510631636,100.0,99.04912926586951
2020-06-29,24.760000228881836,24.953213781812558,25.551500002543133,49.94836063787142,99.04000091552734,99.04912926586951
2020-06-30,24.899999618530273,24.943538479397596,25.520250002543133,52.34321155683515,99.04000091552734,100.56542563955686
2020-07-02,25.700000762939453,25.081077076405208,25.497333335876466,63.29215267819978,103.21285605086447,100.56542563955686
2020-07-03,25.920000076293945,25.233608530930432,25.476249996821085,65.6590475173461,100.8560284312199,100.0
2020-07-06,26.940000534057617,25.5438616224081,25.4653333346049,74.10433908542899,103.93518693966575,100.0
2020-07-07,26.639999389648438,25.743159398269977,25.447333335876465,68.6846646475046,103.93518693966575,98.88641002798082
2020-07-08,26.739999771118164,25.924403102424193,25.430166673660278,69.49591494701133,100.0,100.37537681591908
2020-07-09,26.8799991607666,26.09814784030463,25.411250003178914,70.65687483782244,100.0,100.52355793136412
2020-07-10,26.34000015258789,26.14212098799249,25.388666677474976,60.903462646666895,97.99107505566116,100.52355793136412
2020-07-13,26.479999542236328,26.20355345240046,25.368083333969118,62.37248834697792,97.99107505566116,100.53150868958777
2020-07-14,26.15999984741211,26.195634615129848,25.344416666030884,57.029292811980234,98.79154191708422,100.53150868958777
2020-07-15,26.18000030517578,26.192792013320016,25.31924999554952,57.27882702432257,100.07645434969545,100.0
2020-07-16,25.65999984741211,26.095920710427666,25.29183332125346,49.17877746173323,100.07645434969545,98.01374922955647
2020-07-17,25.799999237060547,26.0421168061791,25.27224998474121,51.20541537549382,100.0,100.54559388340198
2020-07-20,25.719999313354492,25.983549989301896,25.24866665204366,49.96337751265225,100.0,99.68992276716374
2020-07-21,26.280000686645508,26.03745011609164,25.234333324432374,57.783130701416525,100.0,102.17729933219807
2020-07-22,25.68000030517578,25.972459241379664,25.214166657129923,48.85839696350276,97.71689358526302,102.17729933219807
2020-07-23,25.899999618530273,25.959284764497955,25.20249999364217,51.834117107957475,97.71689358526302,100.85669513528063
2020-07-24,25.360000610351562,25.85032400919861,25.191750001907348,44.84681458565363,97.9150617137756,100.85669513528063
2020-07-27,25.360000610351562,25.761174300317325,25.182250006993613,44.84681458565363,97.9150617137756,100.0
2020-07-28,25.459999084472656,25.70641517016375,25.17358333269755,46.438026223899314,100.0,100.39431574019866
2020-07-29,25.520000457763672,25.67252158609101,25.1625,47.43078832319877,100.0,100.23566918872204
2020-07-30,25.34000015258789,25.612063143635893,25.14908332824707,44.71826092392675,99.29466966321695,100.23566918872204
2020-07-31,25.260000228881836,25.5480517045897,25.128749990463255,43.51176628578182,99.29466966321695,99.68429390992767
2020-08-03,25.1200008392334,25.470224274524917,25.108500003814697,41.38038966883338,100.0,99.44576647513897
2020-08-04,25.6200008392334,25.497456377199185,25.09366668065389,50.77487030827182,101.99044579337387,99.44576647513897
2020-08-05,25.799999237060547,25.55246416990125,25.07741667429606,53.68958289972779,101.99044579337387,100.70256983579606
2020-08-06,25.600000381469727,25.56110711745915,25.05700001716614,50.09421083746827,99.22481061432153,100.70256983579606
2020-08-07,25.18000030517578,25.491814969771266,25.033916680018105,43.431259346605884,98.359374726424,100.0
2020-08-10,25.100000381469727,25.42057595371644,25.009750016530354,42.263186011854614,98.359374726424,99.68228783663037
2020-08-11,25.559999465942383,25.445925683212067,24.988166681925456,50.597544522619046,101.83266564733702,99.68228783663037
2020-08-12,25.8799991607666,25.524848133676528,24.973000001907348,55.47511271039924,101.25195501373388,100.0
2020-08-13,25.899999618530273,25.593057494559027,24.95674999554952,55.77284282958908,101.25195501373388,100.07728152400404
2020-08-14,25.81999969482422,25.63431971278906,24.940666659673056,54.191629911112365,99.69111998114155,100.07728152400404
2020-08-17,26.0,25.700807037736503,24.928166659673057,57.17198331489344,100.69713519482289,100.0
2020-08-18,26.020000457763672,25.75884220501417,24.919583336512247,57.50709885198595,100.69713519482289,100.07692483755258
2020-08-19,25.8799991607666,25.7808707424237,24.909416659673056,54.26471229987264,100.0,99.46194736920039
2020-08-20,25.440000534057617,25.718894340902594,24.89683332443237,45.474165478068265,98.29985069174187,99.46194736920039
2020-08-21,25.780000686645508,25.730004585583124,24.885416666666668,52.02543921008032,98.29985069174187,101.33647855916008
2020-08-24,26.18000030517578,25.81182198914542,24.88316666285197,58.4348972566553,101.55158885910147,101.33647855916008
2020-08-25,26.15999984741211,25.875127054284818,24.879083331425985,58.01213319982646,101.55158885910147,99.92360405832494
2020-08-26,26.1200008392334,25.919649560639105,24.87508333524068,57.110684564446466,100.0,99.84709859169718
2020-08-27,25.959999084472656,25.92698583769975,24.87016666730245,53.48399741695241,99.38743587434955,99.84709859169718
2020-08-28,26.1200008392334,25.962079474342232,24.86241668065389,56.497655330859345,100.61633960093798,100.0
2020-08-31,25.84000015258789,25.93988323402326,24.856916681925455,50.278941082572,100.61633960093798,98.92802190792837
2020-09-01,25.8799991607666,25.928995220703868,24.852166668574014,51.11744056832199,100.0,100.15479492237814
2020-09-02,25.81999969482422,25.909177852362113,24.85524999300639,49.74467692435758,99.76816279795966,100.15479492237814
2020-09-03,25.719999313354492,25.874781754360725,24.85499998728434,47.428819511822255,99.76816279795966,99.6127018487542
2020-09-04,25.520000457763672,25.81027606407035,24.854749997456867,43.055527005641046,99.22239945205996,99.6127018487542
2020-09-07,25.440000534057617,25.74295324043167,24.861749998728435,41.39014531796141,99.22239945205996,99.68652068075603
2020-09-08,25.3799991607666,25.676961589583478,24.869916661580405,40.12041788748844,99.76414555019097,99.68652068075603
2020-09-09,25.239999771118164,25.597513986226147,24.88566665649414,37.214525362441755,99.76414555019097,99.44838694138
2020-09-10,25.139999389648438,25.51432951412111,24.898499981562296,35.22638842231375,100.0,99.60380197156675
2020-09-11,25.260000228881836,25.468087825895786,24.92566665013631,39.46033169566058,100.47733031880188,99.60380197156675
2020-09-14,25.399999618530273,25.455708151829327,24.94483331044515,44.10989601495309,100.47733031880188,100.55423352486103
2020-09-15,25.520000457763672,25.467397661999208,24.97416664759318,47.854740263121094,100.47244425604579,100.55423352486103
2020-09-16,25.479999542236328,25.469688912951412,24.994416650136312,46.716475936252245,100.47244425604579,99.84325660340976
2020-09-17,25.1200008392334,25.406109263184497,25.005416663487754,37.872266405324766,98.58713222342809,99.84325660340976
2020-09-18,25.239999771118164,25.375907537354255,25.019083325068156,41.873794987062055,98.58713222342809,100.47770273835877
2020-09-21,24.719999313354492,25.256651496627022,25.027166652679444,32.10004958125634,97.9397762976262,100.47770273835877
2020-09-22,24.5,25.119078497240288,25.036333322525024,28.978301934435635,97.9397762976262,99.11003511543124
2020-09-23,24.520000457763672,25.01015521733545,25.04191665649414,29.656757863742698,100.0,100.08163452148438
2020-09-24,24.1200008392334,24.848308966771437,25.048750003178913,24.541769347309156,98.36868021589444,100.08163452148438
2020-09-25,24.059999465942383,24.704979966620698,25.0534166653951,23.868126810787118,98.36868021589444,99.75123809617196
2020-09-28,24.280000686645508,24.62771100662521,25.060333331425984,31.39995639504292,100.91438580875509,99.75123809617196
2020-09-29,24.079999923706055,24.528127173367178,25.061416657765708,28.5944524898474,100.91438580875509,99.17627365204541
2020-09-30,24.280000686645508,24.48301326669051,25.059583330154418,34.93621158555118,100.0,100.83056795503789
2020-10-05,24.520000457763672,24.489738210521992,25.062249994277956,41.71290633870919,100.0,100.98846690416352
2020-10-06,24.780000686645508,24.54251320618081,25.064583333333335,48.10123254617548,100.0,101.0603598043552
2020-10-07,25.059999465942383,24.63660161704655,25.067583322525024,54.02148942147123,101.1299385453519,101.0603598043552
2020-10-08,24.940000534057617,24.691765056503108,25.072916666666668,51.28625652799716,99.52115349384644,100.0
2020-10-09,24.979999542236328,24.74417132663642,25.078999996185303,52.16693298814835,99.52115349384644,100.16038094355326
2020-10-12,25.479999542236328,24.877958274927312,25.086749998728433,61.627100772541176,102.00160131770458,100.16038094355326
2020-10-14,25.420000076293945,24.976511329721244,25.093583329518637,60.071825099906334,99.76452328484964,100.0
2020-10-15,24.899999618530273,24.962600109504706,25.101083326339722,48.49956067489219,97.95436484577901,100.0
2020-10-16,25.200000762939453,25.00576386467466,25.110249996185303,54.06842464093013,97.95436484577901,101.20482389158722
2020-10-19,25.31999969482422,25.062897651974577,25.119999996821086,56.138026807856484,100.47618622322125,101.20482389158722
2020-10-20,25.34000015258789,25.11327992481336,25.13075000445048,56.49445435796305,100.07899075041364,100.0
2020-10-21,25.540000915527344,25.19086555948863,25.139416678746542,60.03704500579059,100.78926898869426,100.0
2020-10-22,25.559999465942383,25.257980815207492,25.14616667429606,60.38888792305932,100.78926898869426,100.07830285707969
2020-10-23,25.700000762939453,25.338348078431487,25.154083347320558,62.8844545495699,100.0,100.54773591518895
2020-10-27,25.520000457763672,25.37137578376461,25.168833351135255,57.778811148703,100.0,99.29960972827926
2020-10-28,25.459999084472656,25.38748911116607,25.181000010172525,56.1218376094141,99.76488490511464,99.29960972827926
2020-10-29,25.3799991607666,25.386127302002528,25.189583333333335,53.874605072168436,99.68578190658756,100.0
2020-10-30,24.239999771118164,25.17774047820537,25.190333334604897,33.20526270612058,95.50827648800441,100.0
2020-11-02,24.600000381469727,25.072696824253434,25.192000007629396,41.00285833600923,95.50827648800441,101.48515104682674
2020-11-03,25.1200008392334,25.08129755424979,25.1946666876475,50.16936636046519,102.11382296626047,101.48515104682674
2020-11-04,25.0,25.06651618074983,25.199250014623008,48.2808657935422,99.52228966869309,100.0
2020-11-05,25.700000762939453,25.181695195693393,25.21050001780192,58.27560270123274,99.52228966869309,102.80000305175781
2020-11-06,25.8799991607666,25.30865955297943,25.226166677474975,60.42116820976391,100.70038285013094,102.80000305175781
2020-11-09,26.15999984741211,25.463448697421736,25.24416667620341,63.59774267166697,100.70038285013094,101.08191922614117
2020-11-10,26.399999618530273,25.633730683077832,25.2625,66.13893194433352,100.91743032308123,101.08191922614117
2020-11-11,26.399999618530273,25.773052307705548,25.27749999364217,66.13893194433352,100.0,100.0
2020-11-12,26.34000015258789,25.87613373404779,25.291583331425986,64.79322050632024,99.77272929238882,100.0
2020-11-13,26.299999237060547,25.95320018914102,25.306999985376994,63.84838588942085,99.77272929238882,99.84813623653903
2020-11-16,26.540000915527344,26.059891230302167,25.335249996185304,66.99827840463243,100.91255393699251,99.84813623653903
2020-11-17,26.579999923706055,26.154456447284687,25.363833332061766,67.51291689658865,100.91255393699251,100.15071215824754
2020-11-18,26.68000030517578,26.25000987599216,25.389083337783813,68.83826012196039,100.37622416010821,100.15071215824754
2020-11-19,26.520000457763672,26.299099072677887,25.414250008265178,64.26231819719493,100.37622416010821,99.40030042885319
2020-11-20,26.579999923706055,26.350171954683006,25.44116667111715,65.20842695199582,100.0,100.2262423261943
2020-11-23,26.639999389648438,26.402867851949445,25.46983332633972,66.18501727012276,100.0,100.22573162571332
2020-11-24,26.739999771118164,26.464164564525575,25.49283332824707,67.82701495045332,100.37537681591908,100.22573162571332
2020-11-25,26.780000686645508,26.521589314001925,25.51383333206177,68.49459789357664,100.14959205635651,100.0
2020-11-26,26.940000534057617,26.597664081284776,25.53266666730245,71.11033767990071,100.14959205635651,100.59746020653351
2020-11-27,27.079999923706055,26.685361507179554,25.55233333905538,73.23174791348114,100.5196710722832,100.59746020653351
2020-11-30,26.559999465942383,26.662568408772792,25.564166673024495,56.43882477041257,100.5196710722832,98.07976196739772
2020-12-01,26.719999313354492,26.673010391424008,25.57733333905538,59.55216500518877,100.6024090761646,98.07976196739772
2020-12-02,26.68000030517578,26.67428128483342,25.587666670481365,58.41359652220759,100.6024090761646,99.85030310925674
2020-12-03,26.899999618530273,26.715320981869212,25.599666674931843,62.69325952748467,100.82458512308118,99.85030310925674
2020-12-04,26.979999542236328,26.763444356481415,25.61733333269755,64.15653147644971,100.82458512308118,100.29739749011351
2020-12-07,26.6200008392334,26.737363716981775,25.633333333333333,53.79788787799737,98.66568306482229,100.29739749011351
2020-12-08,26.459999084472656,26.6869337837983,25.652166652679444,49.89212071919378,98.66568306482229,99.39894158633938
2020-12-09,26.68000030517578,26.685673151321478,25.66783332824707,54.81300845875381,100.83144833074552,99.39894158633938
2020-12-10,26.600000381469727,26.670096284075704,25.682000001271565,52.75770308546076,100.83144833074552,99.70015021442659
2020-12-11,26.700000762939453,26.67553346205093,25.697166681289673,55.05579334417114,100.37594127832942,99.70015021442659
2020-12-14,26.579999923706055,26.658163727806404,25.709833351771035,51.75970347640647,99.55055866739913,100.0
2020-12-15,26.399999618530273,26.611224798847104,25.72150001525879,47.141462504634035,99.32279794698101,100.0
2020-12-16,26.68000030517578,26.62372943636141,25.732500012715658,54.09240600155851,99.32279794698101,101.06060867686139
2020-12-17,26.860000610351562,26.666687831632345,25.746000019709268,57.9685973237369,100.67466380478587,101.06060867686139
2020-12-18,26.600000381469727,26.654562840693686,25.759333356221518,51.16162406115597,99.03201704030627,100.0
2020-12-21,26.459999084472656,26.61918761228986,25.77350001335144,47.860332696782116,99.03201704030627,99.47367934214543
2020-12-22,26.299999237060547,26.561153362248167,25.785166676839193,44.29674524442344,99.3953142367794,99.47367934214543
2020-12-23,26.520000457763672,26.553671015978257,25.792000007629394,49.89307784583853,99.3953142367794,100.83650656686375
2020-12-24,26.600000381469727,26.562094536976705,25.797666676839192,51.81351983440218,100.0,100.30165883229702
2020-12-28,26.479999542236328,26.547168174296633,25.79383333524068,48.75569840865945,99.54886903190801,100.30165883229702
2020-12-29,26.739999771118164,26.582228464627818,25.79466667175293,55.028789688769706,99.54886903190801,100.98187399311367
2020-12-30,27.34000015258789,26.720005135166012,25.799666674931846,65.62303299984393,102.24383091475485,100.98187399311367
2020-12-31,27.440000534057617,26.850913389509937,25.8043333530426,67.03500807917493,102.24383091475485,100.36576584093494
2021-01-04,27.639999389648438,26.9943835713533,25.815166680018105,69.74616309852276,100.72885878898795,100.36576584093494
2021-01-05,27.739999771118164,27.12995015312873,25.825666681925455,71.04509455669181,100.72885878898795,100.36179588884933
2021-01-06,27.84000015258789,27.25905015303039,25.839666684468586,72.3405938659801,100.36049164489843,100.36179588884933
2021-01-07,27.700000762939453,27.339222991195676,25.852333354949952,67.71354952630521,100.36049164489843,99.49712863189254
2021-01-08,28.020000457763672,27.463000712389857,25.87200002670288,72.15461169558132,101.15523352350355,99.49712863189254
2021-01-11,28.1200008392334,27.582455280906863,25.891333373387656,73.40187522438066,100.35688929277664,100.0
2021-01-12,28.399999618530273,27.7310997059293,25.91366670926412,76.60303604564263,100.35688929277664,100.9957282039132
2021-01-13,28.399999618530273,27.852717871856747,25.931333367029826,76.60303604564263,100.0,100.0
2021-01-14,28.639999389648438,27.995859966000687,25.956000026067098,79.16137112306237,100.0,100.84506962796425
2021-01-15,28.780000686645508,28.138431006117926,25.980000034968057,80.51706633966322,100.48883135468108,100.84506962796425
2021-01-18,29.0,28.295079914096483,26.01033336321513,82.47188292860235,100.48883135468108,100.76441733184731
2021-01-19,29.799999237060547,28.568701609180856,26.047333351771037,87.46221372510723,102.75861805882947,100.76441733184731
2021-01-20,30.079999923706055,28.84348312091271,26.08583335876465,88.69151052795931,102.75861805882947,100.93959964367143
2021-01-21,30.059999465942383,29.0646679109181,26.123666683832806,88.01902668903965,99.93350911630851,100.93959964367143
2021-01-22,29.6200008392334,29.165637534248155,26.159333356221516,74.46807296829459,99.93350911630851,98.53626535420436
2021-01-25,30.280000686645508,29.36824901650222,26.201166693369547,79.60589471173537,100.0,102.22822359457162
2021-01-26,29.559999465942383,29.403112734582248,26.238166681925456,64.22511686445424,97.62218888911495,102.22822359457162
2021-01-27,29.459999084472656,29.413455707289593,26.27016666730245,62.398431580584315,97.62218888911495,99.66170371016095
2021-01-28,28.700000762939453,29.283736626498655,26.294333346684773,50.492015150937085,97.4202364387249,99.66170371016095
2021-01-29,28.459999084472656,29.13396616431211,26.3181666692098,47.377639332216326,97.4202364387249,99.16375724011579
2021-02-01,29.059999465942383,29.120517673699432,26.35049999554952,54.95504114882711,100.0,102.10822347424838
2021-02-02,29.420000076293945,29.174969019625706,26.38649999300639,58.83492866305301,100.0,101.23881836533918
2021-02-03,29.459999084472656,29.226792667779698,26.418999989827473,59.260258408917494,100.13595855905841,101.23881836533918
2021-02-04,29.239999771118164,29.22919395929578,26.446999994913735,55.8008760600631,99.25322701903801,100.0
2021-02-05,29.479999542236328,29.27479497437588,26.47683332761129,58.67203421962507,100.82079265730783,100.0
2021-02-08,29.5,29.31574134267117,26.507499996821085,58.91466614505726,100.82079265730783,100.06784415900351
2021-02-09,29.579999923706055,29.363788357404783,26.537333329518635,59.940893003969265,100.0,100.27118618205442
2021-02-10,30.260000228881836,29.52673597040061,26.57266666094462,67.47429821561416,100.0,102.29885161233828
2021-02-11,30.31999969482422,29.670965738477626,26.6096666653951,68.05259723969883,100.0,100.19827979341889
2021-02-16,30.899999618530273,29.894426443941743,26.655166657765708,73.09686162900262,101.9129285275193,100.19827979341889
2021-02-17,31.239999771118164,30.139076139792,26.700666650136313,75.56419932997096,101.10032413199124,100.0
2021-02-18,30.780000686645508,30.255607875583543,26.738999986648558,66.55524560475548,98.52753172905612,100.0
2021-02-19,30.799999237060547,30.354588123124813,26.777666648228962,66.74329313089936,98.52753172905612,100.0649725470075
2021-02-22,30.520000457763672,30.38466309305915,26.814333311716716,61.464774175834194,100.0,99.09091303171215
2021-02-23,30.799999237060547,30.460178755604858,26.854666646321615,64.5254018435573,100.0,100.91742717921765
2021-02-24,29.8799991607666,30.354691556543354,26.885999965667725,50.22642033165863,97.0129866912888,100.91742717921765
2021-02-25,30.31999969482422,30.348383945321693,26.92333329518636,55.38477687606036,97.0129866912888,101.47255872294451
2021-02-26,29.219999313354492,30.143223103145836,26.95116662979126,43.18014311161531,96.37203036760748,101.47255872294451
2021-03-01,29.579999923706055,30.040818888702237,26.98249996503194,47.32436573365722,96.37203036760748,101.23203497197562
2021-03-02,29.239999771118164,29.89521541277786,27.011833302179973,44.016677027830994,98.85057419383085,101.23203497197562
2021-03-03,30.0,29.914267155909158,27.049166631698608,52.16885701033039,98.85057419383085,102.59918000968156
2021-03-04,29.420000076293945,29.824400414160934,27.082333294550576,46.528148803115535,98.06666692097981,102.59918000968156
2021-03-05,29.239999771118164,29.71814575178952,27.11449996630351,44.885071122799914,99.38817027631205,100.0
2021-03-08,28.739999771118164,29.540301028031088,27.143666632970174,40.54619048776116,99.38817027631205,98.2900136665053
2021-03-09,28.959999084472656,29.434791583747735,27.175499963760377,43.1825080682115,100.76548126341872,98.2900136665053
2021-03-10,29.139999389648438,29.38119300300241,27.207833290100098,45.34564153396038,100.76548126341872,100.62154803475906
2021-03-11,29.579999923706055,29.417339715857615,27.24266662597656,50.38297288948133,101.50995382043118,100.62154803475906
2021-03-12,29.0,29.341459767519865,27.271666622161867,44.486800355414395,98.03921593914126,100.0
2021-03-15,29.1200008392334,29.30119450783142,27.30199996630351,45.91538200723122,100.41379599735654,100.0
2021-03-16,29.260000228881836,29.29370463893149,27.336499961217246,47.630590448803915,100.41379599735654,100.4807671209261
2021-03-17,29.299999237060547,29.29484911131859,27.3703332901001,48.143169378825945,100.13670200911082,100.4807671209261
2021-03-18,29.65999984741211,29.361240154244683,27.411499961217245,52.68971174440777,101.22867105708389,100.0
2021-03-19,29.18000030517578,29.32828745441397,27.450499963760375,46.73034142875073,101.22867105708389,98.38166033477506
2021-03-22,29.100000381469727,29.286780713878652,27.48866662979126,45.7887326806341,100.0,99.72583988050245
2021-03-23,28.799999237060547,29.198274990820813,27.52766661643982,42.30173535737727,98.96906824578527,99.72583988050245
2021-03-24,28.1200008392334,29.002225145077645,27.561499961217244,35.598321271499174,98.96906824578527,97.63889438944113
2021-03-25,28.15999984741211,28.84909327277482,27.593833287556965,36.24661379731,100.1422439793206,97.63889438944113
2021-03-26,28.559999465942383,28.796530762441648,27.631166617075603,42.55508772552542,100.1422439793206,101.4204531985004
2021-03-29,28.6200008392334,28.764434412767418,27.667333285013836,43.470437034046036,100.21008884598393,101.4204531985004
2021-03-30,28.81999969482422,28.774537191323198,27.70316661198934,46.56645960955778,100.21008884598393,100.69880800044092
2021-03-31,28.65999984741211,28.753712219702997,27.73549993832906,44.44221368904137,100.0,99.4448305027538
2021-04-01,29.15999984741211,28.82758269746829,27.769666608174642,51.91943346074866,101.74459177481519,99.4448305027538
2021-04-07,28.899999618530273,28.840749410388646,27.802666600545248,48.236740961910805,101.74459177481519,99.1083668373033
2021-04-08,29.280000686645508,28.92061327879898,27.838499943415325,53.4960098818725,100.0,101.31488260599001
2021-04-09,29.0,28.935047228108257,27.867833280563353,49.45683268566163,99.04371352431964,101.31488260599001
2021-04-12,28.639999389648438,28.881402166570105,27.894666608174642,44.720808973879976,99.04371352431964,98.75861858499461
2021-04-13,28.920000076293945,28.888419968338074,27.92816661198934,48.87481286597316,100.97765604962517,98.75861858499461
2021-04-14,29.200000762939453,28.94507102190196,27.96149994532267,52.74837502606729,100.96819047685628,100.0
2021-04-15,29.020000457763672,28.958694555694997,27.992333285013835,50.08701589870439,100.96819047685628,99.38356061481944
2021-04-16,29.239999771118164,29.009840958499208,28.02483328183492,53.23309523152231,100.7580954854728,99.38356061481944
2021-04-19,29.3799991607666,29.07714244982055,28.056833267211914,55.1936936852879,100.7580954854728,100.47879408599286
2021-04-20,29.360000610351562,29.128571206280732,28.088499943415325,54.835455054785186,99.93193141257218,100.47879408599286
2021-04-21,28.899999618530273,29.087012735780647,28.115166600545248,47.15541720507979,98.43323916124476,100.0
2021-04-22,29.0,29.07119223836598,28.14416659673055,48.8542207474722,98.43323916124476,100.34602208577749
2021-04-23,29.360000610351562,29.12370285145427,28.176666609446208,54.58756026001369,100.0,101.24138141500539
2021-04-26,29.219999313354492,29.141211299072488,28.208666610717774,52.10938950015169,99.52315635529071,101.24138141500539
2021-04-27,29.15999984741211,29.1446273987706,28.249666611353557,51.0263704197242,99.52315635529071,99.79466301385243
2021-04-28,29.34000015258789,29.18014971764647,28.28916660944621,54.14538625715221,100.0,100.61728500040358
2021-04-29,29.459999084472656,29.231031420705776,28.325333261489867,56.17525245143551,100.40899431240862,100.61728500040358
2021-04-30,28.799999237060547,29.152661932770275,28.356999921798707,44.38601870089135,97.75967458274643,100.0
2021-05-03,28.479999542236328,29.030359679945917,28.380166578292847,39.95130299428798,98.88888991909265,100.0
2021-05-04,28.780000686645508,28.984839862982206,28.40433325767517,45.51842982996404,98.88888991909265,101.05337482173857
2021-05-05,28.639999389648438,28.922141595103337,28.42499992052714,43.4668726264638,99.51354658215129,101.05337482173857
2021-05-06,28.780000686645508,28.896297793565548,28.444833262761435,46.11624365492239,100.48883135468108,100.0
2021-05-07,28.81999969482422,28.882425411976214,28.464999930063883,46.89196497762308,100.1389819569993,100.0
2021-05-10,28.739999771118164,28.856529840911115,28.48499992688497,45.463914359028124,100.1389819569993,99.7224152513769
2021-05-11,28.1200008392334,28.72261547696971,28.500166606903075,36.15492448487847,97.84273160465428,99.7224152513769
2021-05-12,28.399999618530273,28.663958048162538,28.515666596094768,42.00522724035361,100.9957282039132,100.0
2021-05-13,27.979999542236328,28.539601956175954,28.52733325958252,36.52802343100789,100.9957282039132,98.52112647205846
2021-05-14,28.200000762939453,28.477856284678406,28.539999930063882,40.929425467983194,100.0,100.7862802869994
2021-05-17,28.3799991607666,28.460064080330802,28.555499919255574,44.37238238100884,100.63829217360768,100.7862802869994
2021-05-18,28.780000686645508,28.51823437238802,28.57383325894674,51.25942277810455,100.63829217360768,101.409448688187
2021-05-20,28.6200008392334,28.536737366359905,28.590333271026612,48.63211008184668,99.44405891732187,101.409448688187
2021-05-21,28.639999389648438,28.55551227968509,28.60616660118103,48.988620830538366,100.0698761349707,100.0
2021-05-24,28.65999984741211,28.57451001927182,28.621833260854086,49.37197646851811,100.0698761349707,100.06983400205972
2021-05-25,29.18000030517578,28.684599162163448,28.640499925613405,58.267331661924366,101.81437704302928,100.06983400205972
2021-05-26,29.3799991607666,28.81103552554584,28.659666585922242,61.132629835668745,100.68539703049744,100.0
2021-05-27,29.3799991607666,28.91448345922234,28.68316658337911,61.13262983566873,100.0,100.0
2021-05-28,29.420000076293945,29.006395571417176,28.70566658973694,61.7575986782788,100.0,100.13615015884943
2021-05-31,29.399999618530273,29.077959943619557,28.72833325068156,61.22065375795329,100.0,99.93201747888577
2021-06-01,29.780000686645508,29.20560371507882,28.75233325958252,67.14192431264664,100.0,101.2925206566184
2021-06-02,29.579999923706055,29.27367575301104,28.7739999294281,61.73006438014747,100.0,99.32840578130295
2021-06-03,29.260000228881836,29.271189294078457,28.79599992434184,54.11648597418401,98.91818899374721,99.32840578130295
2021-06-04,29.239999771118164,29.26551847172204,28.81916659673055,53.665187692685585,99.9316457361339,100.0
2021-06-07,29.139999389648438,29.24269682043593,28.839666589101157,51.330340213170736,99.9316457361339,99.65800142868503
2021-06-08,29.1200008392334,29.220388460217286,28.86066659291585,50.84770099738195,99.93137079329472,99.65800142868503
2021-06-09,29.100000381469727,29.19849971862682,28.88066658973694,50.33138294840002,99.93137079329472,99.93131711130748
2021-06-10,29.079999923706055,29.176954301368497,28.901499923070272,49.77995465860158,99.93126990549317,99.93131711130748
2021-06-11,29.200000762939453,29.181144567108667,28.924833265940347,53.140290467126896,100.41265763255926,100.0
2021-06-15,29.0,29.148209191270727,28.94416659673055,47.37654379662717,99.31506589824033,100.0
2021-06-16,28.799999237060547,29.084898290505237,28.960333251953124,42.363914333733526,99.31506589824033,99.3103421967605
2021-06-17,28.8799991607666,29.04764390328003,28.979333241780598,44.90747100168433,100.27777752022683,99.3103421967605
2021-06-18,29.15999984741211,29.068072256758587,29.00183324813843,52.85200225806329,100.9695314916279,100.0
2021-06-21,28.860000610351562,29.030241048320946,29.023166592915853,45.22875784120215,98.97119602664479,100.0
2021-06-22,28.65999984741211,28.96292446633752,29.040999921162925,40.93468045339902,98.97119602664479,99.30699667806758
2021-06-23,29.219999313354492,29.00966534761333,29.062833245595296,54.21297158671152,101.95394092436797,99.30699667806758
2021-06-24,29.280000686645508,29.05881722743736,29.08616658846537,55.385301192314905,101.95394092436797,100.20534351369267
2021-06-25,29.6200008392334,29.160850611400274,29.110166597366334,61.48179087398219,101.16120267969448,100.20534351369267
2021-06-28,29.639999389648438,29.247968571081756,29.12933325767517,61.81659018263681,101.16120267969448,100.06751704877925
2021-06-29,29.420000076293945,29.27924702657488,29.145833253860474,55.97752251613783,99.25776208540907,100.06751704877925
2021-06-30,29.239999771118164,29.272111161946384,29.15916659037272,51.6250186915674,99.25776208540907,99.38817027631205
2021-07-02,28.739999771118164,29.175363636341253,29.167499923706053,41.780684239705856,98.2900136665053,99.38817027631205
2021-07-05,28.639999389648438,29.078024682397103,29.17416658401489,40.111828446882996,98.2900136665053,99.65205155787712
2021-07-06,28.559999465942383,28.983838279405333,29.18133323987325,38.760655766880795,99.7206706514981,99.65205155787712
2021-07-07,28.540000915527344,28.90314057688206,29.18566657702128,38.407833720728604,99.7206706514981,99.92997706306372
2021-07-08,27.739999771118164,28.69166043037953,29.182499901453653,27.488497250905752,97.19691268834566,99.92997706306372
2021-07-09,27.940000534057617,28.554994994684634,29.178666575749716,32.706219624214995,97.19691268834566,100.72098328979688
2021-07-12,28.100000381469727,28.472268701372833,29.176166582107545,36.682476721635474,100.0,100.57265513369292
2021-07-13,28.479999542236328,28.473674308802558,29.174833250045776,45.08890085254338,101.35231016230587,100.57265513369292
2021-07-14,28.299999237060547,28.44209702303128,29.1708332379659,42.19410262070102,99.36797644638709,100.0
2021-07-15,28.5,28.45262483702559,29.166666571299235,46.3678024745909,99.36797644638709,100.70671649587023
2021-07-16,28.600000381469727,28.479420390560886,29.156666580835978,48.399961351712314,100.35087853147273,100.70671649587023
2021-07-19,28.0,28.39225304682254,29.139333248138428,38.78168640575538,100.35087853147273,97.90209659626971
2021-07-20,27.760000228881836,28.277297989015135,29.12016658782959,35.68704309121061,99.14285796029228,97.90209659626971
2021-07-21,27.760000228881836,28.183243850809077,29.104666582743327,35.68704309121061,100.0,100.0
2021-07-22,28.239999771118164,28.19356310904709,29.087666575113932,45.952268643117755,100.0,101.72910496498098
2021-07-23,27.860000610351562,28.13291538201154,29.07349991798401,40.385244435831424,98.65439389572786,101.72910496498098
2021-07-26,26.700000762939453,27.872385451271157,29.05049993197123,28.775876623648372,95.83632511845278,100.0
2021-07-27,25.65999984741211,27.470133523296784,29.025166591008503,22.460836299369618,96.10486559621788,100.0
2021-07-28,26.040000915527344,27.210109412793248,29.004999939600626,28.69802365338076,96.10486559621788,101.48090830231848
2021-07-29,26.84000015258789,27.142816820028635,28.986499945322674,39.816352144436536,103.072193582695,101.48090830231848
2021-07-30,26.520000457763672,27.029577481435005,28.96233328183492,37.27971105434831,103.072193582695,98.80775077121837
2021-08-02,26.719999313354492,26.973290541784,28.939499950408937,39.890704027865716,100.0,100.75414348468561
2021-08-03,26.68000030517578,26.91996504421887,28.918166621526083,39.53165568254443,99.85030310925674,100.75414348468561
2021-08-04,26.940000534057617,26.923607860553187,28.896999963124593,43.15952783406362,99.85030310925674,100.97451359035928
2021-08-05,26.719999313354492,26.886588124698875,28.87383329073588,40.894721492054906,99.18336593785513,100.97451359035928
2021-08-06,26.700000762939453,26.852663149833525,28.849833297729493,40.68301726472411,99.92515512376887,100.0
2021-08-09,26.760000228881836,26.835815346024127,28.820666631062824,41.67130177311809,99.92515512376887,100.22471709448662
2021-08-10,27.079999923706055,26.880212541966294,28.793666632970176,46.82588922588921,101.19581349808378,100.22471709448662
2021-08-11,27.139999389648438,26.927446514272134,28.76233329772949,47.76998949819466,101.19581349808378,100.22156375964336
2021-08-12,26.979999542236328,26.937001610265625,28.726833295822143,45.42380509557079,100.0,99.41046480836276
2021-08-13,26.899999618530273,26.930273975404653,28.69449995358785,44.23867062363799,99.70348434001707,99.41046480836276
2021-08-16,26.719999313354492,26.89204221866826,28.66049995422363,41.57610598835485,99.70348434001707,99.33085387461573
2021-08-17,26.260000228881836,26.77712549325254,28.624999952316283,35.60233157019789,98.27844649590709,99.33085387461573
2021-08-18,26.3799991607666,26.704920705527822,28.588166618347167,38.132092099000424,98.27844649590709,100.45696470235666
2021-08-19,25.84000015258789,26.547662423175105,28.55449995994568,31.96728889990824,97.95299838757455,100.45696470235666
2021-08-20,25.3799991607666,26.3353600118281,28.51333328882853,27.791864420686835,98.21981041368059,100.0
2021-08-23,25.68000030517578,26.216203701527675,28.48383329709371,33.931492031581385,98.21981041368059,101.18203764511125
2021-08-24,26.239999771118164,26.220530259635034,28.45599996248881,43.682557752952704,100.0,102.18068325267704
2021-08-25,26.260000228881836,26.227706617679907,28.431166632970175,44.00455427009666,100.0,100.07622125738617
2021-08-26,25.979999542236328,26.182668967599255,28.397666629155477,40.470639730431515,98.93373692229618,100.07622125738617
2021-08-27,25.959999084472656,26.14218353430351,28.368833287556967,40.218954003044075,98.93373692229618,99.9230159425863
2021-08-30,26.100000381469727,26.134513870151913,28.342666625976562,42.9292265220517,100.0,100.53929623241324
2021-08-31,26.420000076293945,26.186420453086825,28.323333295186362,48.72559693372354,101.22605245267127,100.53929623241324
2021-09-01,26.600000381469727,26.261616803701898,28.303666639328004,51.73373850800205,100.6813031970325,100.0
2021-09-02,26.700000762939453,26.341322978108725,28.28333331743876,53.39097560945253,100.6813031970325,100.37594127832942
2021-09-03,26.540000915527344,26.377446239457562,28.257999992370607,50.37215051722324,100.0,99.40074965228392
2021-09-06,26.760000228881836,26.447001510261973,28.239333327611288,54.25214532956735,100.82893483709634,99.40074965228392
2021-09-07,26.979999542236328,26.543910243348215,28.221499983469645,57.84731577228778,100.82211999802993,100.0
2021-09-08,26.899999618530273,26.60865376610859,28.201833311716715,56.09845021893734,99.70348434001707,100.0
2021-09-09,26.34000015258789,26.55980765455937,28.177166652679443,45.57641061377213,99.70348434001707,97.91821756920538
2021-09-10,26.84000015258789,26.61075174511001,28.153666655222576,53.983302596186654,101.89825359568525,97.91821756920538
2021-09-13,26.459999084472656,26.583342170448674,28.130999978383382,47.854514892361976,98.58419871104735,100.0
2021-09-14,26.15999984741211,26.50637083898748,28.106499973932902,43.59217963944093,98.58419871104735,98.86621599606708
2021-09-15,25.780000686645508,26.374303538561662,28.08133331934611,38.814963232463015,98.54740381122673,98.86621599606708
2021-09-16,25.360000610351562,26.189884824341643,28.058333317438763,34.28471345808745,98.54740381122673,98.37082984830364
2021-09-17,25.579999923706055,26.078996660589716,28.036833318074546,38.39346844277103,100.0,100.86750515796396
2021-09-20,24.760000228881836,25.83917912755192,28.005166657765706,30.611215546240217,96.79437178549679,100.86750515796396
2021-09-21,24.860000610351562,25.661146669879127,27.973833322525024,32.43325393581351,96.79437178549679,100.40387875826059
2021-09-23,25.18000030517578,25.573665512660334,27.943499994277953,38.106716994716585,100.0,101.2872071076739
2021-09-24,24.860000610351562,25.443908257695103,27.911833333969117,34.90899210019006,100.0,98.72915134652146
2021-09-27,24.81999969482422,25.330470337173125,27.875666666030884,34.51404012406644,99.83909527536099,98.72915134652146
2021-09-28,25.1200008392334,25.292203155729535,27.84416667620341,40.06220412860358,101.2087072848423,100.0
2021-09-29,25.31999969482422,25.297257071928566,27.81116666793823,43.540988595177055,101.2087072848423,100.79617376158068
2021-09-30,25.219999313354492,25.28321020673328,27.779666662216187,42.20484906687555,100.0,99.6050537809044
2021-10-04,24.719999313354492,25.180808226118952,27.746999994913736,36.15339762094875,98.01744641707727,99.6050537809044
2021-10-05,24.760000228881836,25.10429768116675,27.712333329518636,36.94248041375661,100.16181600581896,100.0
2021-10-06,24.6200008392334,25.01624370990614,27.674166663487753,35.277799349526006,99.43457436044314,100.0
2021-10-07,25.360000610351562,25.07874496453258,27.64366666475932,48.626479319029464,99.43457436044314,103.00568540167932
2021-10-08,25.479999542236328,25.151700342296895,27.612333329518638,50.4348836218861,100.47318189667466,103.00568540167932
2021-10-11,25.940000534057617,25.295027649889754,27.58366667429606,56.79493742196776,100.47318189667466,101.80534144460552
2021-10-12,25.600000381469727,25.350477237449745,27.55233333905538,51.46963082050679,98.68928239942983,101.80534144460552
2021-10-15,25.979999542236328,25.46493583832003,27.528000005086263,56.4484946545398,101.48437169962567,100.0
2021-10-18,26.100000381469727,25.5804021188927,27.50383334159851,57.9352025991416,101.48437169962567,100.46189700287835
2021-10-19,26.440000534057617,25.736692739831774,27.479500007629394,61.94997414136532,100.0,101.30268255792548
2021-10-20,26.81999969482422,25.93365764073949,27.45950001080831,65.91623835529211,101.4372131357453,101.30268255792548
2021-10-21,26.6200008392334,26.058447313192925,27.43833335240682,62.19396418638453,99.25429210340589,100.0
2021-10-22,26.760000228881836,26.186002388772728,27.416833353042602,63.75685628910339,99.25429210340589,100.52591805121997
2021-10-25,26.780000686645508,26.29400207929505,27.39450003306071,63.988866448189704,100.0,100.0747401255329
2021-10-26,26.68000030517578,26.364183574909728,27.376833375295003,61.829976501138376,99.62658559034469,100.0747401255329
2021-10-27,26.280000686645508,26.348877595225325,27.358500051498414,53.89539177682601,99.62658559034469,98.50075107213296
2021-10-28,26.18000030517578,26.318172633398135,27.33683338165283,52.07289210133144,99.61948105457796,98.50075107213296
2021-10-29,25.520000457763672,26.17305041964641,27.310833390553793,41.877058587933554,99.61948105457796,97.47899220886706
2021-11-01,25.299999237060547,26.014313840994433,27.281833378473916,39.09358950845795,99.1379262666267,97.47899220886706
2021-11-02,25.299999237060547,25.884438458461,27.252500041325888,39.09358950845795,99.1379262666267,100.0
2021-11-03,25.15999984741211,25.7527223473612,27.222666708628335,37.220039725092434,99.44664271197541,100.0
2021-11-04,25.3799991607666,25.684954495253088,27.19983336130778,41.986261901154116,99.44664271197541,100.87440109176758
2021-11-05,25.079999923706055,25.574962754971807,27.172166697184245,37.725602510845356,98.81796987005303,100.87440109176758
2021-11-08,24.959999084472656,25.463151178517414,27.14700002670288,36.12589382993383,98.81796987005303,99.52152775279727
2021-11-09,24.959999084472656,25.371668979600184,27.120000012715657,36.12589382993383,100.0,100.0
2021-11-10,25.15999984741211,25.333183682838715,27.09316668510437,41.08133269520289,100.80128513732147,100.0
2021-11-11,25.440000534057617,25.35260492851488,27.065333350499472,47.322919167394225,100.80128513732147,101.1128803193308
2021-11-12,25.5,25.379404032421263,27.03933334350586,48.595885187568506,100.2358469523696,101.1128803193308
2021-11-15,25.559999465942383,25.412239565788738,27.013666677474976,49.91621021591764,100.2358469523696,100.23529202330346
2021-11-16,25.799999237060547,25.482741324201793,26.98983333905538,54.96393232480024,100.9389662603004,100.23529202330346
2021-11-17,25.780000686645508,25.536788481009737,26.96150000890096,54.46494265482583,99.92248623640921,100.0
2021-11-18,25.399999618530273,25.51191777874074,26.92833334604899,45.83871267752545,99.92248623640921,98.52598503493415
2021-11-19,25.18000030517578,25.451569147183474,26.893333355585735,41.67043114307401,99.1338609580372,98.52598503493415
2021-11-22,25.100000381469727,25.387647553417338,26.857333358128866,40.219592526234926,99.1338609580372,99.68228783663037
2021-11-23,24.81999969482422,25.28443885185495,26.819166692097983,35.50025854247188,98.88445943270894,99.68228783663037
2021-11-24,24.860000610351562,25.207268262490697,26.7781666914622,36.65858297648237,98.88445943270894,100.16116404520217
2021-11-25,24.920000076293945,25.155037683182197,26.73933335940043,38.46678869614747,100.24134941459897,100.16116404520217
2021-11-26,24.260000228881836,24.992303600582133,26.697666692733765,28.651679096717928,97.35152550003417,100.0
2021-11-29,24.139999389648438,24.837339198594186,26.65516668955485,27.271464272529272,99.50535516034111,100.0
2021-11-30,23.6200008392334,24.61600495143768,26.609166701634724,22.213080170529437,97.8459048733944,100.0
2021-12-01,23.84000015258789,24.474913169828625,26.56516669591268,28.34709605599221,97.8459048733944,100.93141111573996
2021-12-02,23.959999084472656,24.381292427036627,26.522333351771035,31.558553116879395,100.50335122112715,100.93141111573996
2021-12-03,23.920000076293945,24.297421090537956,26.479333353042602,31.05246652787831,99.83305922492863,100.0
2021-12-06,23.5,24.15243543771287,26.431833346684773,26.23351143751897,98.24414684383639,100.0
2021-12-07,24.139999389648438,24.15017433806479,26.39133334159851,41.36086848430007,98.24414684383639,102.72340165807846
2021-12-08,24.15999984741211,24.151960794309755,26.352666680018107,41.76798125870148,100.0,100.08285193980679
2021-12-09,24.3799991607666,24.193422315483726,26.315166680018105,46.24620969792809,100.0,100.91059319016534
2021-12-10,24.1200008392334,24.180072956165485,26.273166688283286,42.074613066516164,98.93355893977386,100.91059319016534
2021-12-13,24.139999389648438,24.172786853162386,26.233833344777427,42.509760887087744,98.93355893977386,100.08291272686239
2021-12-14,23.760000228881836,24.09773473965683,26.193000014623006,36.78210257872927,98.42585264965022,100.08291272686239
2021-12-15,23.579999923706055,24.003601136756686,26.14600001970927,34.38783626858087,99.24242296531219,100.0
2021-12-16,23.65999984741211,23.94112817505767,26.099166679382325,36.39522067346745,100.33927024582229,100.0
2021-12-17,23.34000015258789,23.831832170972255,26.046833340326945,32.10859082369268,100.33927024582229,98.64750762093001
2021-12-20,22.899999618530273,23.662408070528258,25.990666675567628,27.287667333405466,100.0,98.114822060064
2021-12-21,23.100000381469727,23.56015212706307,25.938000011444093,32.32611888790717,100.87336579157676,98.114822060064
2021-12-22,23.200000762939453,23.494670060858773,25.887666686375937,34.79077654201028,100.87336579157676,100.43290207713565
2021-12-23,23.34000015258789,23.466548259354976,25.84266668955485,38.226744127243684,100.60344562519187,100.43290207713565
2021-12-24,23.399999618530273,23.454448506477753,25.799000024795532,39.71193134983445,100.60344562519187,100.25706711889515
2021-12-28,23.420000076293945,23.448185155535242,25.756166696548462,40.23446305823298,100.08547204311847,100.25706711889515
2021-12-29,23.200000762939453,23.403060720517825,25.711666695276897,36.444118596062474,99.06063487345084,100.0
2021-12-30,23.280000686645508,23.380686168904674,25.674500036239625,38.73371444578354,100.34482724601393,100.0
2021-12-31,23.559999465942383,23.413288586547893,25.638000027338663,46.14186080131918,100.34482724601393,101.20274386184832
2022-01-03,23.399999618530273,23.41087241054469,25.59883335431417,42.90760567565344,99.3208834845544,101.20274386184832
2022-01-04,23.440000534057617,23.416168433001584,25.556833362579347,43.97856341995692,99.3208834845544,100.17094408623694
2022-01-05,23.040000915527344,23.347774338915357,25.513000043233237,36.50790046412535,98.29351702467291,100.17094408623694
2022-01-06,23.219999313354492,23.324542516086108,25.46900003751119,41.394991831505,98.29351702467291,100.78124301508097
2022-01-07,23.639999389648438,23.381898311279258,25.42766669591268,50.99627271555017,101.80878591177387,100.78124301508097
2022-01-10,23.84000015258789,23.465189555153554,25.393000030517577,54.83972803669224,100.84602693783076,100.0
2022-01-11,23.860000610351562,23.536973383371375,25.360500033696493,55.222857841882586,100.84602693783076,100.08389453706233
2022-01-12,24.5,23.712069131849304,25.333333365122478,65.45384050685524,102.68231086872134,100.08389453706233
2022-01-13,24.559999465942383,23.86623828350259,25.30266669591268,66.24267410381194,102.68231086872134,100.24489577935667
2022-01-14,24.479999542236328,23.977831239635996,25.27450002034505,64.11324050295974,99.67426740453723,100.24489577935667
2022-01-17,24.34000015258789,24.04368013289998,25.254833348592122,60.40615526696744,99.67426740453723,99.42810705773547
2022-01-18,24.260000228881836,24.083011059442136,25.24316668510437,58.30460541991876,100.0,99.67132324073734
2022-01-19,24.219999313354492,24.107918014698928,25.228000005086262,57.21876525456589,100.0,99.83511576607603
2022-01-20,25.079999923706055,24.28466017997295,25.213333336512246,70.22459590550997,103.55078709633725,99.83511576607603
2022-01-21,25.059999465942383,24.425630959240117,25.201166661580405,69.68711013389333,103.55078709633725,99.92025335795648
2022-01-24,24.799999237060547,24.49369791884383,25.18516666094462,62.863720672599456,98.96248908849664,99.92025335795648
2022-01-25,24.399999618530273,24.47666186424136,25.166166655222575,53.991233806289515,98.38709826275912,100.0
2022-01-26,24.399999618530273,24.462723274112072,25.144999980926514,53.991233806289515,98.38709826275912,100.0
2022-01-27,23.920000076293945,24.36404632905423,25.12166665395101,44.934292396543675,98.03278873057113,100.0
2022-01-28,23.68000030517578,24.23967432471269,25.096499983469645,41.16750253898163,98.03278873057113,98.99665647845872
2022-01-31,24.0,24.196097174764926,25.073499981562296,47.56148141303307,100.0,101.35135004518676
2022-02-04,24.700000762939453,24.287716008978474,25.053666655222575,58.360749570711015,102.91666984558105,101.35135004518676
2022-02-07,24.68000030517578,24.359040426468894,25.03316666285197,57.9885157012372,102.91666984558105,99.91902648928789
2022-02-08,24.479999542236328,24.381032992972063,25.012333329518636,54.21622966856084,100.0,99.18962414721888
2022-02-09,24.959999084472656,24.486299555063077,24.99616665840149,60.87920265655803,100.0,101.9607824804415
2022-02-10,25.040000915527344,24.586972529692943,24.98216667175293,61.88768769976532,100.32052016822571,101.9607824804415
2022-02-11,25.020000457763672,24.665704880251255,24.971833340326945,61.45561986468284,100.32052016822571,99.92012597031788
2022-02-14,24.68000030517578,24.66830404841935,24.957666683197022,54.41093448225649,100.0,98.64108654529466
2022-02-15,24.459999084472656,24.63043041861086,24.946166674296062,50.33779982899356,100.0,99.10858501627739
2022-02-16,24.81999969482422,24.66489755974056,24.941500012079874,56.191942313697254,100.0,101.47179322905247
2022-02-17,24.920000076293945,24.711279835477537,24.93516667683919,57.70284156176625,100.0,100.40290242828077
2022-02-18,24.479999542236328,24.669228873070043,24.920500008265176,49.50708629405623,98.23434778206047,100.40290242828077
2022-02-21,24.34000015258789,24.609369105709654,24.904500007629395,47.181027564031886,99.42810705773547,100.0
2022-02-22,23.6200008392334,24.429483966350332,24.884833351771036,37.338535205034916,97.04190916663597,100.0
2022-02-23,23.799999237060547,24.315032197388554,24.8668333530426,40.71165772890444,97.04190916663597,100.76205923552791
2022-02-24,23.059999465942383,24.086844428034702,24.841500012079873,32.79428270439074,96.89075716453864,100.76205923552791
2022-02-25,22.920000076293945,23.874690909536383,24.812333345413208,31.52880903303911,96.89075716453864,99.39289075069058
2022-02-28,22.8799991607666,23.69383786430551,24.78133333524068,31.154092860155146,100.0,99.82547593632552
2022-03-01,22.8799991607666,23.5458671909348,24.749499988555907,31.154092860155146,100.0,100.0
2022-03-02,22.5,23.355709519855743,24.715833314259847,27.46391614628169,100.0,98.3391644462199
2022-03-03,22.639999389648438,23.225580405272595,24.6814999739329,30.760166102351164,100.62221950954861,98.3391644462199
2022-03-04,22.059999465942383,23.013656598121646,24.640499973297118,25.519078937317374,97.43816281209246,100.0
2022-03-07,21.219999313354492,22.687537091800344,24.593166637420655,20.10645158260924,96.19220229862319,100.0
2022-03-08,20.8799991607666,22.35889383161239,24.547666629155476,18.38463657136515,98.39773721211236,100.0
2022-03-09,20.780000686645508,22.071822350709322,24.497166633605957,17.893007866380174,99.52108008553472,100.0
2022-03-10,21.100000381469727,21.895127447211213,24.4524999777476,24.903472320728753,99.52108008553472,101.53994073267702
2022-03-11,20.799999237060547,21.69601322718382,24.407833305994668,22.903472783558982,98.57819365409755,101.53994073267702
2022-03-14,19.799999237060547,21.351283410797766,24.357999960581463,17.726659125319102,95.19230751596258,100.0
2022-03-15,18.649999618530273,20.860140903112764,24.30208328564962,13.810524421164018,94.19192089473535,100.0
2022-03-16,20.239999771118164,20.747387970022835,24.25758328437805,35.351940616277076,108.5254701614476,100.0
2022-03-17,21.68000030517578,20.916953849141553,24.231916618347167,48.15422410366002,108.5254701614476,107.11462722500843
2022-03-18,21.65999984741211,21.05205312155438,24.205249945322674,48.01016821424132,100.0,99.90774696733331
2022-03-21,21.399999618530273,21.11531612100454,24.173749939600626,46.056244922172866,100.0,98.79962959042726
2022-03-22,22.079999923706055,21.290713176041177,24.150583267211914,51.66839687366982,100.0,103.1775715761554
2022-03-23,22.31999969482422,21.477856179456275,24.129749933878582,53.529852047824214,101.08695548889241,103.1775715761554
2022-03-24,22.139999389648438,21.59824585403667,24.10491658846537,51.894564140490914,101.08695548889241,99.19354700879533
2022-03-25,21.579999923706055,21.594928412158374,24.073749923706053,47.01951233648769,97.47064371553591,99.19354700879533
2022-03-28,21.8799991607666,21.64675945735987,24.045916589101157,49.77680461913036,97.47064371553591,101.39017255848547
2022-03-29,22.1200008392334,21.732803344973235,24.024249935150145,51.95884596196515,101.09689985225022,101.39017255848547
2022-03-30,22.399999618530273,21.85411175834724,24.004583263397215,54.47610806602664,101.09689985225022,101.2658172182356
2022-03-31,22.280000686645508,21.931546108946925,23.985083262125652,53.173481572933646,100.0,99.46429047353422
2022-04-01,22.260000228881836,21.99126503984418,23.959249925613403,52.943297147925406,99.91023134134973,99.46429047353422
2022-04-04,22.700000762939453,22.120126080406955,23.936083269119262,57.37200999118073,99.91023134134973,101.9766420913452
2022-04-06,22.260000228881836,22.145557743766023,23.905416599909465,52.03007007020534,100.0,98.06167172128042
2022-04-07,22.020000457763672,22.12272914631105,23.875583267211915,49.298699763231475,98.92183392340324,98.06167172128042
2022-04-08,22.100000381469727,22.118596643612623,23.84324994087219,50.24843000970051,100.36330573134865,100.0
2022-04-11,21.420000076293945,21.991579085918318,23.80424993832906,42.812141656475006,96.92307559530205,100.0
2022-04-12,21.520000457763672,21.905837517162926,23.763249937693278,44.1384002281482,96.92307559530205,100.46685518727145
2022-04-13,21.579999923706055,21.846594318352587,23.71958327293396,44.97367462948272,100.27880792131089,100.46685518727145
2022-04-14,21.719999313354492,21.823577044716565,23.67874992688497,46.99125410356261,100.27880792131089,100.648746015493
2022-04-19,21.219999313354492,21.713835639014366,23.63258325258891,41.11745855985438,97.6979741445361,100.648746015493
2022-04-20,21.1200008392334,21.605865675417824,23.58541658719381,40.025880950386906,97.6979741445361,99.52875364110798
2022-04-21,20.8799991607666,21.473889945481236,23.537083244323732,37.42455671507084,98.86362846150574,99.52875364110798
2022-04-22,20.84000015258789,21.358637255864267,23.491749906539916,36.98750569586477,98.86362846150574,99.80843386117625
2022-04-25,20.15999984741211,21.140703181600237,23.441583236058552,30.402785892615896,96.73704270538914,99.80843386117625
2022-04-26,20.139999389648438,20.958757037609,23.39674989382426,30.230106180504507,96.73704270538914,99.90079137938962
2022-04-27,20.139999389648438,20.80989201070708,23.353749895095824,30.230106180504507,100.0,99.90079137938962
2022-04-28,20.3799991607666,20.731729674354266,23.312749894460044,35.46459178680655,101.19165729092087,100.0
2022-04-29,21.219999313354492,20.820505972354304,23.27991655667623,49.83486516263977,101.19165729092087,104.1216888477845
2022-05-03,21.219999313354492,20.893141125263426,23.245249891281127,49.83486516263976,100.0,100.0
2022-05-04,20.979999542236328,20.908933564713042,23.211083221435548,46.32724898401921,100.0,98.86899255945252
2022-05-05,20.8799991607666,20.903672763995505,23.177083222071328,44.89103937540451,99.52335374808561,98.86899255945252
2022-05-06,20.139999389648438,20.764823059568766,23.136916557947796,35.90522474147433,96.45593965104837,100.0
2022-05-10,19.719999313354492,20.574855105711624,23.09158322016398,31.945915059737956,96.45593965104837,97.91459737327591
2022-05-11,19.959999084472656,20.46306310184999,23.04591654141744,36.32308922645488,101.2170374212723,97.91459737327591
2022-05-12,19.469999313354492,20.28250604939626,22.995666535695396,31.77161094286285,101.2170374212723,97.5450912144613
2022-05-13,20.0,20.231141313142395,22.94933320681254,40.56014702120471,102.7221402431277,97.5450912144613
2022-05-16,20.059999465942383,20.200024613651482,22.901499875386556,41.490899829024485,102.7221402431277,100.29999732971191
2022-05-17,20.719999313354492,20.294565468142938,22.8593331972758,50.746036277823826,103.29012893810216,100.29999732971191
2022-05-18,20.739999771118164,20.375553523229343,22.82049986521403,51.00226045859504,100.09652730900807,100.0
2022-05-19,20.280000686645508,20.3581802802141,22.77966653505961,45.113893950968006,100.09652730900807,97.78206803496094
2022-05-20,20.860000610351562,20.449420340239094,22.744333203633627,52.635609298672804,102.85996007923208,97.78206803496094
2022-05-23,20.6200008392334,20.480434976419875,22.70933321317037,49.5691487189219,102.85996007923208,98.84947380586813
2022-05-24,20.31999969482422,20.451264925220663,22.67149987220764,45.92102195373486,98.54509635208952,98.84947380586813
2022-05-25,20.3799991607666,20.438307513501744,22.633666531244913,46.77565914122539,98.54509635208952,100.29527296674944
2022-05-26,20.299999237060547,20.4131605541488,22.600666522979736,45.724583864261724,99.60745865063595,100.29527296674944
2022-05-27,20.920000076293945,20.50531319453882,22.573833195368447,54.38959455800505,103.05419144105926,100.0
2022-05-30,21.31999969482422,20.653438012772526,22.55466651916504,58.99681883376455,101.91204405865918,100.0
2022-05-31,21.6200008392334,20.82917670849268,22.536166524887086,62.12691711794963,101.91204405865918,101.40713484382465
2022-06-01,21.520000457763672,20.95478102654195,22.515833202997843,60.448900962295276,100.0,99.53746356342292
2022-06-02,21.34000015258789,21.024820867641214,22.494333203633627,57.404363077130874,100.0,99.16356737292334
2022-06-06,21.899999618530273,21.18394427689377,22.48099986712138,63.622603619686174,102.62417742239084,99.16356737292334
2022-06-07,21.799999237060547,21.29595426965136,22.461499865849813,61.86331066251775,102.62417742239084,99.54337724560911
2022-06-08,22.260000228881836,21.471235353147808,22.445666535695395,66.51041256706588,102.11009636660572,99.54337724560911
2022-06-09,22.15999984741211,21.59646526119586,22.42716654141744,64.64236515494345,99.55076199262578,100.0
2022-06-10,22.1200008392334,21.691653548111773,22.410499874750773,63.85972625115562,99.8194990593225,100.0
2022-06-13,21.34000015258789,21.62771656710743,22.38716654777527,50.7806571554258,96.47377641477277,100.0
2022-06-14,21.360000610351562,21.57904093860636,22.367166550954185,51.06103139298345,100.09372285670413,100.0
2022-06-15,21.639999389648438,21.590124293341283,22.350999879837037,54.977848581960224,101.31085567086164,100.0
2022-06-16,21.15999984741211,21.51191984862689,22.3301665465037,47.8203039036336,97.78188745020974,100.0
2022-06-17,21.459999084472656,21.502479709689755,22.314499870936075,52.0744402826197,97.78188745020974,101.41776578083122
2022-06-20,21.520000457763672,21.505665300248648,22.302999877929686,52.912064289365496,100.27959634599625,101.41776578083122
2022-06-21,21.8799991607666,21.573726002161003,22.292833201090495,57.74577214666173,100.27959634599625,101.6728563910093
2022-06-22,21.34000015258789,21.53123039314771,22.277333196004232,49.440822217304664,97.53199712572662,101.6728563910093
2022-06-23,21.6200008392334,21.547370474254194,22.262999868392946,53.24450410207783,97.53199712572662,101.3120931801472
2022-06-24,22.040000915527344,21.63693964539477,22.25166654586792,58.36951181292519,101.94264597590477,101.3120931801472
2022-06-27,22.579999923706055,21.808405150542274,22.244666544596353,63.9170028957187,102.45008614223005,100.0
2022-06-28,22.719999313354492,21.974149543780857,22.240666532516478,65.22751948403007,102.45008614223005,100.62001501382406
2022-06-29,22.3799991607666,22.04794038323281,22.23316651980082,59.502022653761244,98.50352040993222,100.62001501382406
2022-06-30,22.280000686645508,22.09013316567148,22.22249986330668,57.87214605283665,98.50352040993222,99.55317927671598
2022-07-04,22.280000686645508,22.1246545331213,22.213166538874308,57.87214605283665,100.0,100.0
2022-07-05,22.31999969482422,22.160171835249102,22.203833198547365,58.414395337556705,100.17952875649006,100.0
2022-07-06,22.020000457763672,22.134686130251747,22.195333194732665,52.8486533980965,98.65591737830484,100.0
2022-07-07,22.18000030517578,22.142925071147022,22.186666536331177,55.32523928982373,98.65591737830484,100.7266114626973
2022-07-08,22.219999313354492,22.156938569730197,22.17483320236206,55.956142673191174,100.18033817686367,100.7266114626973
2022-07-11,21.639999389648438,22.062949627897147,22.1564998626709,45.73851724583717,100.18033817686367,97.38973923659184
2022-07-12,21.360000610351562,21.935140715616132,22.135666529337566,41.72592571848826,98.70610541962024,97.38973923659184
2022-07-13,21.34000015258789,21.82693334052009,22.1093331972758,41.44261540509944,98.70610541962024,99.90636490078573
2022-07-14,21.239999771118164,21.720218146083376,22.081666533152262,39.96261910594447,99.5313946543829,99.90636490078573
2022-07-15,20.84000015258789,21.560178510902375,22.05133320490519,34.57472888275473,98.11676260432833,100.0
2022-07-18,21.360000610351562,21.523782528984043,22.026499875386556,45.07636116349189,102.49520371380179,100.0
2022-07-19,21.219999313354492,21.468549217051397,22.001166534423827,43.04694771939503,102.49520371380179,99.34456323503464
2022-07-20,21.440000534057617,21.463358547416163,21.977999877929687,47.12762364465131,101.03676356183796,99.34456323503464
2022-07-21,21.079999923706055,21.393656979468872,21.944666544596355,41.78338951103135,98.32089271742461,100.0
2022-07-22,21.100000381469727,21.340264870741755,21.91166655222575,42.1807708710366,98.32089271742461,100.09487883223937
2022-07-25,21.1200008392334,21.300216865012963,21.880999898910524,42.60813637493676,100.0947888976402,100.09487883223937
2022-07-26,21.459999084472656,21.329268177641996,21.856499894460043,49.52667518171939,101.60984011235294,100.0
2022-07-27,21.200000762939453,21.30576501133244,21.829833237330117,45.001139490578296,101.60984011235294,98.7884513857164
2022-07-28,21.1200008392334,21.271989707314432,21.806499910354614,43.66195148017019,100.0,99.62264188289132
2022-07-29,20.68000030517578,21.16435527056195,21.781499910354615,37.04704373899928,97.91666422076909,99.62264188289132
2022-08-01,20.68000030517578,21.076290731400825,21.75383324623108,37.04704373899928,97.91666422076909,100.0
2022-08-02,20.200000762939453,20.916965282589665,21.71633324623108,30.957892301227815,97.6789190756627,100.0
2022-08-03,20.280000686645508,20.801153537872544,21.679666582743327,32.96128554644663,97.6789190756627,100.39603921130949
2022-08-04,20.68000030517578,20.779125677382225,21.64799992243449,42.12190710335475,101.97238463997526,100.39603921130949
2022-08-05,20.700000762939453,20.764739329301722,21.612499936421713,42.55011761861726,101.97238463997526,100.09671401096965
2022-08-08,20.559999465942383,20.727513899600023,21.575166591008504,40.274724810445356,99.32366525682586,100.09671401096965
2022-08-09,20.5,20.686147736036382,21.53749992052714,39.29237143109038,99.32366525682586,99.70817379620183
2022-08-10,20.139999389648438,20.58684803669312,21.499666579564412,33.882842883604255,98.2438994616997,99.70817379620183
2022-08-11,20.579999923706055,20.585602925240924,21.46733325322469,44.13727911216663,98.2438994616997,102.18470976858008
2022-08-12,20.719999313354492,20.610038632170664,21.43316658337911,46.99098275265452,100.68026914561439,102.18470976858008
2022-08-15,20.579999923706055,20.60457704881346,21.396999915440876,44.51049130890146,100.68026914561439,99.3243272476452
2022-08-16,20.34000015258789,20.556472158590626,21.36249992052714,40.511296215555305,98.8338203498159,99.3243272476452
2022-08-17,20.420000076293945,20.5316590527185,21.32983325322469,42.39342595411676,98.8338203498159,100.39331328960623
2022-08-18,20.280000686645508,20.485902986159772,21.301999918619792,39.978694761856104,99.31440064091397,100.39331328960623
2022-08-19,20.31999969482422,20.455738751371488,21.27299992243449,41.02569019060375,99.31440064091397,100.1972337614616
2022-08-22,20.280000686645508,20.423786375966763,21.24983326594035,40.259569766441906,100.0,99.80315448435317
2022-08-23,20.040000915527344,20.35400720134141,21.22583327293396,35.874494065581146,98.81656921601484,99.80315448435317
2022-08-24,19.799999237060547,20.25327848056307,21.200166606903075,32.06449881714826,98.81656921601484,98.80238688871097
2022-08-25,20.5,20.298136938642507,21.180333280563353,49.22297441858243,100.0,103.53535752480853
2022-08-26,20.700000762939453,20.37120308851468,21.165333286921182,52.928593649905544,100.97561347775343,103.53535752480853
2022-08-29,20.520000457763672,20.39825715565086,21.147666629155477,49.389756563437004,100.97561347775343,99.13043334037916
2022-08-30,20.5,20.41675585462343,21.134666633605956,48.99269595031977,99.90253188441766,99.13043334037916
2022-08-31,20.5,20.431891153782804,21.128666639328003,48.99269595031977,99.90253188441766,100.0
2022-09-01,20.200000762939453,20.38972926453856,21.122999986012776,42.84419497111336,98.53658908750953,100.0
2022-09-02,20.040000915527344,20.32614229199106,21.11683332125346,39.928707749355176,99.20792157738104,100.0
2022-09-05,19.799999237060547,20.23047991836733,21.105999978383384,35.92801126201276,99.20792157738104,98.80238688871097
2022-09-06,19.809999465942383,20.15402892701734,21.097749980290732,36.21850000054978,100.05050620842005,98.80238688871097
2022-09-07,19.670000076293945,20.066023681431265,21.096666653951008,33.873080389158915,99.29328928105664,100.0
2022-09-08,19.479999542236328,19.959473837941275,21.103583319981894,30.90960834478011,99.29328928105664,99.03405931204543
2022-09-09,20.0,19.96684223104286,21.10158332188924,45.218801250275824,102.6694069300988,99.03405931204543
2022-09-13,19.969999313354492,19.96741624600861,21.087333313624065,44.63695521883672,102.6694069300988,99.84999656677246
2022-09-14,19.5,19.882431474007046,21.06933331489563,36.59038811986741,97.64647306201863,99.84999656677246
2022-09-15,19.559999465942383,19.82380747254074,21.05399998029073,38.14328162162105,97.64647306201863,100.3076895689353
2022-09-16,19.399999618530273,19.74675149908429,21.031666644414265,35.60653530203287,99.18200484774707,100.3076895689353
2022-09-19,19.190000534057617,19.64552405089762,21.005583318074546,32.51074002391354,98.91753047112397,100.0
2022-09-20,19.440000534057617,19.608156138744892,20.983083327611286,39.35814710505413,98.91753047112397,101.30276181887703
2022-09-21,19.110000610351562,19.51758240630974,20.9625,34.34089944515158,98.30246957489577,101.30276181887703
2022-09-22,18.809999465942383,19.38893096260658,20.936916669209797,30.48666249839043,98.30246957489577,98.43013534888809
2022-09-23,18.579999923706055,19.24185259189739,20.907416661580402,27.870503251129875,100.0,98.77724854456925
2022-09-26,18.5,19.1069703024615,20.87491666475932,26.99161369259761,99.56942990293567,98.77724854456925
2022-09-27,18.520000457763672,19.00024851251644,20.843583329518637,27.61417474571877,100.10811058250633,100.0
2022-09-28,17.899999618530273,18.800203259064407,20.807249991099038,21.43341928762733,96.65226336982356,100.0
2022-09-29,17.799999237060547,18.61834798233643,20.76641664505005,20.621293436919856,96.65226336982356,99.44133863910139
2022-09-30,17.889999389648438,18.485920965484066,20.72999997138977,23.468394281641025,100.0,100.50561885643515
