Date,realClose_nextDay,Predict_nextDay,realClose_next6mth,Predict_next6mth,realClose_next1year,Predict_next1year
2020-01-02,28.649999618530277,27.311792,24.5,27.767897,29.15999984741211,27.807892
2020-01-03,28.450000762939453,27.2894,24.520000457763672,27.741547,28.86000061035156,27.779755
2020-01-06,28.450000762939453,27.191704,24.1200008392334,27.568632,28.65999984741211,27.603058
2020-01-07,28.25,27.238634,24.059999465942383,27.61511,29.21999931335449,27.64376
2020-01-08,28.799999237060547,27.1384,24.280000686645508,27.466093,29.280000686645508,27.48711
2020-01-09,28.799999237060547,27.418562,24.07999992370605,27.868948,29.6200008392334,27.886436
2020-01-10,29.149999618530277,27.46265,24.280000686645508,27.892382,29.63999938964844,27.908508
2020-01-13,29.049999237060547,27.53855,24.520000457763672,27.978064,29.420000076293945,28.01235
2020-01-14,28.950000762939453,27.468922,24.780000686645508,27.910473,29.239999771118164,27.942266
2020-01-15,29.0,27.430197,25.059999465942383,27.834192,28.739999771118164,27.864145
2020-01-16,29.200000762939453,27.49584,24.940000534057617,27.90263,28.63999938964844,27.92889
2020-01-17,28.950000762939453,27.599234,24.979999542236328,28.04427,28.559999465942383,28.070005
2020-01-20,28.149999618530277,27.486635,25.479999542236328,27.868565,28.540000915527344,27.884617
2020-01-21,28.549999237060547,27.100584,25.420000076293945,27.335016,27.739999771118164,27.337046
2020-01-22,28.0,27.280386,24.899999618530277,27.61286,27.940000534057617,27.613516
2020-01-23,28.100000381469727,27.120388,25.200000762939453,27.33426,28.100000381469727,27.324018
2020-01-24,27.299999237060547,27.07311,25.31999969482422,27.3043,28.479999542236328,27.304934
2020-01-29,26.649999618530277,26.765123,25.34000015258789,26.903101,28.299999237060547,26.89518
2020-01-30,26.5,26.516996,25.540000915527344,26.571829,28.5,26.561907
2020-01-31,26.5,26.377657,25.559999465942383,26.422636,28.600000381469727,26.417265
2020-02-03,26.850000381469727,26.405182,25.700000762939453,26.400583,28.0,26.392935
2020-02-04,26.950000762939453,26.573326,25.520000457763672,26.66678,27.76000022888184,26.654089
2020-02-05,27.700000762939453,26.596205,25.459999084472656,26.705688,27.76000022888184,26.695265
2020-02-06,27.549999237060547,26.853659,25.3799991607666,27.035513,28.239999771118164,27.046347
2020-02-07,27.399999618530277,26.79587,24.239999771118164,26.94757,27.86000061035156,26.960215
2020-02-10,27.75,26.63375,24.600000381469727,26.843204,26.700000762939453,26.858255
2020-02-11,28.049999237060547,26.842106,25.1200008392334,27.126287,25.65999984741211,27.133482
2020-02-12,27.950000762939453,27.014364,25.0,27.304674,26.040000915527344,27.31391
2020-02-13,28.0,26.923342,25.700000762939453,27.179857,26.84000015258789,27.199427
2020-02-14,28.149999618530277,26.922972,25.8799991607666,27.208174,26.520000457763672,27.229628
2020-02-17,27.700000762939453,27.0194,26.15999984741211,27.322298,26.71999931335449,27.342897
2020-02-18,27.850000381469727,26.805801,26.399999618530277,27.007383,26.68000030517578,27.030916
2020-02-19,27.75,26.854273,26.399999618530277,27.08441,26.940000534057617,27.110935
2020-02-20,27.5,26.887682,26.34000015258789,27.107367,26.71999931335449,27.122456
2020-02-21,27.049999237060547,26.75674,26.299999237060547,26.939817,26.700000762939453,26.955187
2020-02-24,27.100000381469727,26.539404,26.540000915527344,26.690569,26.76000022888184,26.701479
2020-02-25,26.950000762939453,26.584948,26.57999992370605,26.759619,27.07999992370605,26.763987
2020-02-26,27.149999618530277,26.556305,26.68000030517578,26.683111,27.13999938964844,26.68413
2020-02-27,26.450000762939453,26.633554,26.520000457763672,26.815048,26.979999542236328,26.81765
2020-02-28,26.649999618530277,26.323187,26.57999992370605,26.449484,26.899999618530277,26.445648
2020-03-02,26.600000381469727,26.356258,26.63999938964844,26.533,26.71999931335449,26.53465
2020-03-03,26.549999237060547,26.405088,26.739999771118164,26.518375,26.26000022888184,26.516388
2020-03-04,27.049999237060547,26.320333,26.780000686645508,26.422056,26.3799991607666,26.42689
2020-03-05,26.5,26.552328,26.940000534057617,26.717094,25.84000015258789,26.73189
2020-03-06,26.450000762939453,26.284397,27.07999992370605,26.345766,25.3799991607666,26.366331
2020-03-09,25.450000762939453,26.272474,26.559999465942383,26.38912,25.68000030517578,26.397728
2020-03-10,25.75,25.94227,26.71999931335449,25.933638,26.239999771118164,25.933172
2020-03-11,25.549999237060547,25.9979,26.68000030517578,26.059904,26.26000022888184,26.06531
2020-03-12,24.600000381469727,25.901985,26.899999618530277,25.944613,25.979999542236328,25.94882
2020-03-13,24.399999618530277,25.577984,26.979999542236328,25.525211,25.959999084472656,25.524542
2020-03-16,23.350000381469727,25.449152,26.6200008392334,25.387775,26.100000381469727,25.387346
2020-03-17,23.600000381469727,25.075209,26.459999084472656,24.93462,26.420000076293945,24.932915
2020-03-18,22.0,25.06219,26.68000030517578,24.983479,26.600000381469727,24.988049
2020-03-19,23.100000381469727,24.278826,26.600000381469727,24.25707,26.700000762939453,24.270973
2020-03-20,22.0,24.760227,26.700000762939453,24.959942,26.540000915527344,24.951843
2020-03-23,23.049999237060547,24.456348,26.57999992370605,24.525928,26.76000022888184,24.514265
2020-03-24,23.799999237060547,24.78861,26.399999618530277,24.731451,26.979999542236328,24.755575
2020-03-25,23.600000381469727,24.928595,26.68000030517578,24.998564,26.899999618530277,25.030226
2020-03-26,23.75,24.829586,26.86000061035156,24.873262,26.34000015258789,24.910322
2020-03-27,23.399999618530277,24.77275,26.600000381469727,24.89881,26.84000015258789,24.940416
2020-03-30,23.850000381469727,24.633102,26.459999084472656,24.782057,26.459999084472656,24.818338
2020-03-31,23.299999237060547,24.854048,26.299999237060547,25.07289,26.15999984741211,25.098085
2020-04-01,23.5,24.663961,26.520000457763672,24.845617,25.780000686645508,24.868906
2020-04-02,23.450000762939453,24.65403,26.600000381469727,24.854837,25.36000061035156,24.888075
2020-04-03,23.950000762939453,24.661312,26.479999542236328,24.791677,25.57999992370605,24.82941
2020-04-06,24.5,24.88591,26.739999771118164,25.02819,24.76000022888184,25.06752
2020-04-07,24.200000762939453,25.084312,27.34000015258789,25.287334,24.86000061035156,25.328724
2020-04-08,24.5,24.96137,27.440000534057617,25.1124,25.18000030517578,25.159784
2020-04-09,24.700000762939453,25.106419,27.63999938964844,25.36569,24.86000061035156,25.399317
2020-04-14,24.299999237060547,25.168995,27.739999771118164,25.444796,24.81999969482422,25.482622
2020-04-15,24.25,25.009775,27.84000015258789,25.26734,25.1200008392334,25.302626
2020-04-16,24.549999237060547,25.008724,27.700000762939453,25.21676,25.31999969482422,25.255442
2020-04-17,24.600000381469727,25.156715,28.020000457763672,25.368309,25.21999931335449,25.407835
2020-04-20,24.0,25.194765,28.1200008392334,25.411562,24.71999931335449,25.449549
2020-04-21,24.100000381469727,24.836979,28.399999618530277,24.976774,24.76000022888184,25.029194
2020-04-22,24.149999618530277,24.868,28.399999618530277,25.013712,24.6200008392334,25.066778
2020-04-23,24.049999237060547,25.007385,28.63999938964844,25.180326,25.36000061035156,25.213633
2020-04-24,24.5,24.92193,28.780000686645508,25.085224,25.479999542236328,25.122314
2020-04-27,24.75,25.127132,29.0,25.316439,25.940000534057617,25.357397
2020-04-28,24.75,25.289137,29.799999237060547,25.523336,25.600000381469727,25.556032
2020-04-29,23.75,25.2377,30.07999992370605,25.514462,25.979999542236328,25.549162
2020-05-04,24.0,24.67261,30.059999465942383,24.752089,26.100000381469727,24.810867
2020-05-05,24.350000381469727,24.979418,29.6200008392334,25.139906,26.440000534057617,25.163565
2020-05-06,24.149999618530277,25.129871,30.280000686645508,25.30951,26.81999969482422,25.335865
2020-05-07,24.399999618530277,24.971918,29.559999465942383,25.106045,26.6200008392334,25.143736
2020-05-08,24.799999237060547,25.029701,29.459999084472656,25.213713,26.76000022888184,25.255375
2020-05-11,24.450000762939453,25.224522,28.700000762939453,25.456923,26.780000686645508,25.496145
2020-05-12,24.350000381469727,25.058462,28.459999084472656,25.219252,26.68000030517578,25.263384
2020-05-13,24.0,24.951866,29.059999465942383,25.146502,26.280000686645508,25.191786
2020-05-14,24.0,24.833786,29.420000076293945,24.973293,26.18000030517578,25.013731
2020-05-15,24.200000762939453,24.830616,29.459999084472656,24.961868,25.520000457763672,25.001791
2020-05-18,24.600000381469727,24.99565,29.239999771118164,25.180944,25.299999237060547,25.20706
2020-05-19,24.649999618530277,25.18243,29.479999542236328,25.39386,25.299999237060547,25.423908
2020-05-20,24.450000762939453,25.17918,29.5,25.39145,25.15999984741211,25.426676
2020-05-21,23.149999618530277,25.032576,29.57999992370605,25.265078,25.3799991607666,25.299337
2020-05-22,23.149999618530277,24.441236,30.26000022888184,24.5906,25.07999992370605,24.615984
2020-05-25,23.649999618530277,24.387186,30.31999969482422,24.543827,24.959999084472656,24.56979
2020-05-26,23.5,24.782887,30.899999618530277,24.849085,24.959999084472656,24.873953
2020-05-27,23.350000381469727,24.686533,31.239999771118164,24.728598,25.15999984741211,24.756607
2020-05-28,23.200000762939453,24.516142,30.780000686645508,24.60874,25.440000534057617,24.63899
2020-05-29,23.979999542236328,24.444735,30.799999237060547,24.518705,25.5,24.547405
2020-06-01,24.26000022888184,24.901617,30.520000457763672,25.127344,25.559999465942383,25.137812
2020-06-02,24.68000030517578,25.044922,30.799999237060547,25.28105,25.799999237060547,25.29311
2020-06-03,24.71999931335449,25.11542,29.8799991607666,25.39458,25.780000686645508,25.42333
2020-06-04,25.13999938964844,25.123833,30.31999969482422,25.42742,25.399999618530277,25.457228
2020-06-05,25.13999938964844,25.281982,29.21999931335449,25.636068,25.18000030517578,25.66971
2020-06-08,25.440000534057617,25.230453,29.57999992370605,25.569263,25.100000381469727,25.615303
2020-06-09,25.459999084472656,25.416502,29.239999771118164,25.797335,24.81999969482422,25.83642
2020-06-10,24.86000061035156,25.463549,30.0,25.838253,24.86000061035156,25.87658
2020-06-11,24.700000762939453,25.110153,29.420000076293945,25.331665,24.920000076293945,25.383387
2020-06-12,24.200000762939453,25.140142,29.239999771118164,25.345942,24.26000022888184,25.381458
2020-06-15,24.799999237060547,24.894402,28.739999771118164,25.066801,24.13999938964844,25.097029
2020-06-16,24.899999618530277,25.218922,28.959999084472656,25.512873,23.6200008392334,25.528038
2020-06-17,24.8799991607666,25.222273,29.13999938964844,25.464304,23.84000015258789,25.493498
2020-06-18,25.059999465942383,25.195827,29.57999992370605,25.428799,23.959999084472656,25.460943
2020-06-19,25.0,25.283049,29.0,25.525015,23.920000076293945,25.558393
2020-06-22,25.36000061035156,25.263302,29.1200008392334,25.489542,23.5,25.522411
2020-06-23,25.239999771118164,25.410074,29.26000022888184,25.673986,24.13999938964844,25.710688
2020-06-24,25.0,25.373634,29.299999237060547,25.60622,24.15999984741211,25.641268
2020-06-26,24.76000022888184,25.222265,29.65999984741211,25.434578,24.3799991607666,25.46938
2020-06-29,24.899999618530277,25.101503,29.18000030517578,25.289877,24.1200008392334,25.32078
2020-06-30,25.700000762939453,25.211136,29.100000381469727,25.437859,24.13999938964844,25.45975
2020-07-02,25.920000076293945,25.618155,28.799999237060547,25.869164,23.76000022888184,25.896759
2020-07-03,26.940000534057617,25.599684,28.1200008392334,25.929415,23.57999992370605,25.966173
2020-07-06,26.63999938964844,26.055727,28.15999984741211,26.419146,23.65999984741211,26.457914
2020-07-07,26.739999771118164,25.964027,28.559999465942383,26.248549,23.34000015258789,26.28821
2020-07-08,26.8799991607666,25.966648,28.6200008392334,26.363386,22.899999618530277,26.396828
2020-07-09,26.34000015258789,26.054276,28.81999969482422,26.461102,23.100000381469727,26.493486
2020-07-10,26.479999542236328,25.832632,28.65999984741211,26.175838,23.200000762939453,26.198858
2020-07-13,26.15999984741211,25.883715,29.15999984741211,26.243517,23.34000015258789,26.267523
2020-07-14,26.18000030517578,25.816435,28.899999618530277,26.09411,23.399999618530277,26.110495
2020-07-15,25.65999984741211,25.838087,29.280000686645508,26.082716,23.420000076293945,26.101446
2020-07-16,25.799999237060547,25.561888,29.0,25.6999,23.200000762939453,25.724617
2020-07-17,25.71999931335449,25.708176,28.63999938964844,25.892815,23.280000686645508,25.900637
2020-07-20,26.280000686645508,25.623585,28.920000076293945,25.789345,23.559999465942383,25.802343
2020-07-21,25.68000030517578,25.915792,29.200000762939453,26.192333,23.399999618530277,26.194761
2020-07-22,25.899999618530277,25.644335,29.020000457763672,25.872993,23.440000534057617,25.868418
2020-07-23,25.36000061035156,25.633034,29.239999771118164,25.889105,23.040000915527344,25.897959
2020-07-24,25.36000061035156,25.4625,29.3799991607666,25.630896,23.21999931335449,25.632126
2020-07-27,25.459999084472656,25.394,29.36000061035156,25.559872,23.63999938964844,25.56801
2020-07-28,25.520000457763672,25.502674,28.899999618530277,25.640545,23.84000015258789,25.644814
2020-07-29,25.34000015258789,25.501122,29.0,25.650635,23.86000061035156,25.65735
2020-07-30,25.26000022888184,25.406742,29.36000061035156,25.543718,24.5,25.54844
2020-07-31,25.1200008392334,25.336567,29.21999931335449,25.45748,24.559999465942383,25.465155
2020-08-03,25.6200008392334,25.28746,29.15999984741211,25.366693,24.479999542236328,25.37293
2020-08-04,25.799999237060547,25.512281,29.34000015258789,25.646545,24.34000015258789,25.661139
2020-08-05,25.600000381469727,25.639252,29.459999084472656,25.813976,24.26000022888184,25.821955
2020-08-06,25.18000030517578,25.47931,28.799999237060547,25.68088,24.21999931335449,25.68815
2020-08-07,25.100000381469727,25.271704,28.479999542236328,25.413736,25.07999992370605,25.41991
2020-08-10,25.559999465942383,25.210953,28.780000686645508,25.339178,25.059999465942383,25.346563
2020-08-11,25.8799991607666,25.47598,28.63999938964844,25.611208,24.799999237060547,25.623491
2020-08-12,25.899999618530277,25.5796,28.780000686645508,25.785814,24.399999618530277,25.801609
2020-08-13,25.81999969482422,25.6053,28.81999969482422,25.812304,24.399999618530277,25.827374
2020-08-14,26.0,25.53327,28.739999771118164,25.759237,23.920000076293945,25.774199
2020-08-17,26.020000457763672,25.633867,28.1200008392334,25.865808,23.68000030517578,25.883055
2020-08-18,25.8799991607666,25.657972,28.399999618530277,25.891623,24.0,25.908325
2020-08-19,25.440000534057617,25.562841,27.979999542236328,25.773222,24.700000762939453,25.791338
2020-08-20,25.780000686645508,25.351284,28.200000762939453,25.508547,24.68000030517578,25.518436
2020-08-21,26.18000030517578,25.54722,28.3799991607666,25.790785,24.479999542236328,25.794127
2020-08-24,26.15999984741211,25.8016,28.780000686645508,26.036055,24.959999084472656,26.041994
2020-08-25,26.1200008392334,25.741014,28.6200008392334,25.957739,25.040000915527344,25.97364
2020-08-26,25.959999084472656,25.679451,28.63999938964844,25.922342,25.020000457763672,25.939615
2020-08-27,26.1200008392334,25.60923,28.65999984741211,25.827654,24.68000030517578,25.84116
2020-08-28,25.84000015258789,25.717348,29.18000030517578,25.938635,24.459999084472656,25.952679
2020-08-31,25.8799991607666,25.571268,29.3799991607666,25.718046,24.81999969482422,25.732615
2020-09-01,25.81999969482422,25.618822,29.3799991607666,25.799387,24.920000076293945,25.80645
2020-09-02,25.71999931335449,25.586937,29.420000076293945,25.759361,24.479999542236328,25.765154
2020-09-03,25.520000457763672,25.519495,29.399999618530277,25.664534,24.34000015258789,25.67174
2020-09-04,25.440000534057617,25.421246,29.780000686645508,25.534964,23.6200008392334,25.537798
2020-09-07,25.3799991607666,25.383722,29.57999992370605,25.482721,23.799999237060547,25.483316
2020-09-08,25.239999771118164,25.368809,29.26000022888184,25.443478,23.059999465942383,25.442148
2020-09-09,25.13999938964844,25.295513,29.239999771118164,25.340242,22.920000076293945,25.337677
2020-09-10,25.26000022888184,25.261585,29.13999938964844,25.28337,22.8799991607666,25.277365
2020-09-11,25.399999618530277,25.31245,29.1200008392334,25.36748,22.8799991607666,25.366848
2020-09-14,25.520000457763672,25.407694,29.100000381469727,25.517622,22.5,25.516027
2020-09-15,25.479999542236328,25.455067,29.07999992370605,25.603523,22.63999938964844,25.607012
2020-09-16,25.1200008392334,25.409557,29.200000762939453,25.541414,22.059999465942383,25.549057
2020-09-17,25.239999771118164,25.211866,29.0,25.299366,21.21999931335449,25.298857
2020-09-18,24.71999931335449,25.278822,28.799999237060547,25.413002,20.8799991607666,25.413137
2020-09-21,24.5,25.071655,28.8799991607666,25.117062,20.780000686645508,25.106894
2020-09-22,24.520000457763672,24.906052,29.15999984741211,24.909842,21.100000381469727,24.90734
2020-09-23,24.1200008392334,25.008842,28.86000061035156,24.980236,20.799999237060547,24.968885
2020-09-24,24.059999465942383,24.797539,28.65999984741211,24.752546,19.799999237060547,24.738626
2020-09-25,24.280000686645508,24.726847,29.21999931335449,24.67701,18.649999618530277,24.665638
2020-09-28,24.07999992370605,24.876827,29.280000686645508,24.843178,20.239999771118164,24.838581
2020-09-29,24.280000686645508,24.765942,29.6200008392334,24.698309,21.68000030517578,24.695412
2020-09-30,24.520000457763672,24.870928,29.63999938964844,24.904531,21.65999984741211,24.898684
2020-10-05,24.780000686645508,24.959364,29.420000076293945,25.064257,21.399999618530277,25.065905
2020-10-06,25.059999465942383,25.059021,29.239999771118164,25.230223,22.07999992370605,25.239164
2020-10-07,24.940000534057617,25.210657,28.739999771118164,25.414776,22.31999969482422,25.429045
2020-10-08,24.979999542236328,25.077015,28.63999938964844,25.281546,22.13999938964844,25.302542
2020-10-09,25.479999542236328,25.112244,28.559999465942383,25.325373,21.57999992370605,25.346039
2020-10-12,25.420000076293945,25.387138,28.540000915527344,25.639544,21.8799991607666,25.667675
2020-10-14,24.899999618530277,25.305418,27.739999771118164,25.591658,22.1200008392334,25.621737
2020-10-15,25.200000762939453,25.07757,27.940000534057617,25.283821,22.399999618530277,25.302126
2020-10-16,25.31999969482422,25.238722,28.100000381469727,25.515013,22.280000686645508,25.530695
2020-10-19,25.34000015258789,25.382538,28.479999542236328,25.617783,22.26000022888184,25.632246
2020-10-20,25.540000915527344,25.328173,28.299999237060547,25.566664,22.700000762939453,25.5912
2020-10-21,25.559999465942383,25.434183,28.5,25.692383,22.26000022888184,25.719883
2020-10-22,25.700000762939453,25.462946,28.600000381469727,25.722967,22.020000457763672,25.750029
2020-10-23,25.520000457763672,25.520905,28.0,25.8291,22.100000381469727,25.856348
2020-10-27,25.459999084472656,25.410189,27.76000022888184,25.655256,21.420000076293945,25.685472
2020-10-28,25.3799991607666,25.388111,27.76000022888184,25.621315,21.520000457763672,25.649763
2020-10-29,24.239999771118164,25.395193,28.239999771118164,25.612322,21.57999992370605,25.632715
2020-10-30,24.600000381469727,24.854485,27.86000061035156,24.949305,21.71999931335449,24.951616
2020-11-02,25.1200008392334,25.010149,26.700000762939453,25.205547,21.21999931335449,25.206675
2020-11-03,25.0,25.40545,25.65999984741211,25.541525,21.1200008392334,25.544436
2020-11-04,25.700000762939453,25.198347,26.040000915527344,25.366476,20.8799991607666,25.382275
2020-11-05,25.8799991607666,25.565691,26.84000015258789,25.870523,20.84000015258789,25.875828
2020-11-06,26.15999984741211,25.693691,26.520000457763672,25.991585,20.15999984741211,25.99712
2020-11-09,26.399999618530277,25.726074,26.71999931335449,26.04658,20.13999938964844,26.068094
2020-11-10,26.399999618530277,25.84583,26.68000030517578,26.18785,20.13999938964844,26.21107
2020-11-11,26.34000015258789,25.797379,26.940000534057617,26.148596,20.3799991607666,26.180841
2020-11-12,26.299999237060547,25.800453,26.71999931335449,26.138533,21.21999931335449,26.169054
2020-11-13,26.540000915527344,25.803324,26.700000762939453,26.127148,21.21999931335449,26.157415
2020-11-16,26.57999992370605,25.943283,26.76000022888184,26.27394,20.979999542236328,26.30589
2020-11-17,26.68000030517578,25.998806,27.07999992370605,26.33461,20.8799991607666,26.36462
2020-11-18,26.520000457763672,26.035675,27.13999938964844,26.397623,20.13999938964844,26.429636
2020-11-19,26.57999992370605,25.962162,26.979999542236328,26.26968,19.71999931335449,26.301546
2020-11-20,26.63999938964844,26.024298,26.899999618530277,26.356668,19.959999084472656,26.383837
2020-11-23,26.739999771118164,26.059425,26.71999931335449,26.401556,19.46999931335449,26.429886
2020-11-24,26.780000686645508,26.121325,26.26000022888184,26.471136,20.0,26.5008
2020-11-25,26.940000534057617,26.131454,26.3799991607666,26.490953,20.059999465942383,26.523367
2020-11-26,27.07999992370605,26.230099,25.84000015258789,26.62158,20.71999931335449,26.652306
2020-11-27,26.559999465942383,26.309233,25.3799991607666,26.713427,20.739999771118164,26.74586
2020-11-30,26.71999931335449,26.000784,25.68000030517578,26.217367,20.280000686645508,26.247408
2020-12-01,26.68000030517578,26.055656,26.239999771118164,26.304853,20.86000061035156,26.338652
2020-12-02,26.899999618530277,26.133432,26.26000022888184,26.383825,20.6200008392334,26.402674
2020-12-03,26.979999542236328,26.219238,25.979999542236328,26.510477,20.31999969482422,26.534147
2020-12-04,26.6200008392334,26.280422,25.959999084472656,26.589808,20.3799991607666,26.611746
2020-12-07,26.459999084472656,26.078127,26.100000381469727,26.335386,20.299999237060547,26.34725
2020-12-08,26.68000030517578,25.971783,26.420000076293945,26.183516,20.920000076293945,26.197742
2020-12-09,26.600000381469727,26.120285,26.600000381469727,26.332047,21.31999969482422,26.349556
2020-12-10,26.700000762939453,26.107773,26.700000762939453,26.301004,21.6200008392334,26.313793
2020-12-11,26.57999992370605,26.125341,26.540000915527344,26.354788,21.520000457763672,26.371199
2020-12-14,26.399999618530277,26.068325,26.76000022888184,26.287088,21.34000015258789,26.298325
2020-12-15,26.68000030517578,25.99177,26.979999542236328,26.169718,21.899999618530277,26.17573
2020-12-16,26.86000061035156,26.137999,26.899999618530277,26.397219,21.799999237060547,26.403942
2020-12-17,26.600000381469727,26.255524,26.34000015258789,26.522009,22.26000022888184,26.531576
2020-12-18,26.459999084472656,26.05742,26.84000015258789,26.286192,22.15999984741211,26.297674
2020-12-21,26.299999237060547,25.979918,26.459999084472656,26.171293,22.1200008392334,26.18296
2020-12-22,26.520000457763672,25.930323,26.15999984741211,26.07677,21.34000015258789,26.083878
2020-12-23,26.600000381469727,26.06743,25.780000686645508,26.28344,21.36000061035156,26.287308
2020-12-24,26.479999542236328,26.090654,25.36000061035156,26.308088,21.63999938964844,26.317644
2020-12-28,26.739999771118164,26.031555,25.57999992370605,26.228409,21.15999984741211,26.234743
2020-12-29,27.34000015258789,26.156431,24.76000022888184,26.42375,21.459999084472656,26.432627
2020-12-30,27.440000534057617,26.466549,24.86000061035156,26.782366,21.520000457763672,26.79957
2020-12-31,27.63999938964844,26.49917,25.18000030517578,26.822088,21.8799991607666,26.845037
2021-01-04,27.739999771118164,26.538641,24.86000061035156,26.926538,21.34000015258789,26.95406
2021-01-05,27.84000015258789,26.603722,24.81999969482422,27.002111,21.6200008392334,27.030558
2021-01-06,27.700000762939453,26.654192,25.1200008392334,27.07258,22.040000915527344,27.102488
2021-01-07,28.020000457763672,26.585976,25.31999969482422,26.94803,22.57999992370605,26.97825
2021-01-08,28.1200008392334,26.739388,25.21999931335449,27.131044,22.71999931335449,27.164782
2021-01-11,28.399999618530277,26.797333,24.71999931335449,27.223436,22.3799991607666,27.255404
2021-01-12,28.399999618530277,26.96532,24.76000022888184,27.434267,22.280000686645508,27.461523
2021-01-13,28.63999938964844,26.937357,24.6200008392334,27.403038,22.280000686645508,27.438002
2021-01-14,28.780000686645508,27.08527,25.36000061035156,27.585455,22.31999969482422,27.616152
2021-01-15,29.0,27.181463,25.479999542236328,27.68253,22.020000457763672,27.713446
2021-01-18,29.799999237060547,27.280533,25.940000534057617,27.802732,22.18000030517578,27.835678
2021-01-19,30.07999992370605,27.641441,25.600000381469727,28.179317,22.21999931335449,28.211975
2021-01-20,30.059999465942383,27.797413,25.979999542236328,28.35008,21.63999938964844,28.381033
2021-01-21,29.6200008392334,27.751684,26.100000381469727,28.358904,21.36000061035156,28.392187
2021-01-22,30.280000686645508,27.515259,26.440000534057617,27.962736,21.34000015258789,27.996695
2021-01-25,29.559999465942383,27.931442,26.81999969482422,28.473494,21.239999771118164,28.483095
2021-01-26,29.459999084472656,27.641191,26.6200008392334,28.073053,20.84000015258789,28.06708
2021-01-27,28.700000762939453,27.490038,26.76000022888184,27.882837,21.36000061035156,27.894575
2021-01-28,28.459999084472656,27.236732,26.780000686645508,27.500097,21.21999931335449,27.499043
2021-01-29,29.059999465942383,27.109098,26.68000030517578,27.337069,21.440000534057617,27.337307
2021-02-01,29.420000076293945,27.515326,26.280000686645508,27.797247,21.07999992370605,27.78006
2021-02-02,29.459999084472656,27.586336,26.18000030517578,27.91187,21.100000381469727,27.905481
2021-02-03,29.239999771118164,27.620287,25.520000457763672,27.946585,21.1200008392334,27.9405
2021-02-04,29.479999542236328,27.467947,25.299999237060547,27.76689,21.459999084472656,27.767721
2021-02-05,29.5,27.606318,25.299999237060547,27.901781,21.200000762939453,27.90361
2021-02-08,29.57999992370605,27.630333,25.15999984741211,27.928288,21.1200008392334,27.929947
2021-02-09,30.26000022888184,27.64919,25.3799991607666,27.980429,20.68000030517578,27.98285
2021-02-10,30.31999969482422,27.98058,25.07999992370605,28.419186,20.68000030517578,28.413586
2021-02-11,30.899999618530277,27.934458,24.959999084472656,28.360374,20.200000762939453,28.3711
2021-02-16,31.239999771118164,28.220297,24.959999084472656,28.662539,20.280000686645508,28.674772
2021-02-17,30.780000686645508,28.338411,25.15999984741211,28.828054,20.68000030517578,28.844303
2021-02-18,30.799999237060547,28.144653,25.440000534057617,28.59331,20.700000762939453,28.60193
2021-02-19,30.520000457763672,28.185095,25.5,28.633398,20.559999465942383,28.641584
2021-02-22,30.799999237060547,28.12117,25.559999465942383,28.465868,20.5,28.47326
2021-02-23,29.8799991607666,28.313156,25.799999237060547,28.7091,20.13999938964844,28.705729
2021-02-24,30.31999969482422,27.920452,25.780000686645508,28.226599,20.57999992370605,28.211493
2021-02-25,29.21999931335449,28.069548,25.399999618530277,28.447336,20.71999931335449,28.433918
2021-02-26,29.57999992370605,27.702284,25.18000030517578,27.945257,20.57999992370605,27.921036
2021-03-01,29.239999771118164,27.762865,25.100000381469727,28.063028,20.34000015258789,28.045874
2021-03-02,30.0,27.729858,24.81999969482422,27.92994,20.420000076293945,27.906977
2021-03-03,29.420000076293945,28.009666,24.86000061035156,28.328012,20.280000686645508,28.303354
2021-03-04,29.239999771118164,27.809916,24.920000076293945,28.07471,20.31999969482422,28.046194
2021-03-05,28.739999771118164,27.656712,24.26000022888184,27.852041,20.280000686645508,27.8408
2021-03-08,28.959999084472656,27.398066,24.13999938964844,27.526953,20.040000915527344,27.525797
2021-03-09,29.13999938964844,27.483532,23.6200008392334,27.617292,19.799999237060547,27.61788
2021-03-10,29.57999992370605,27.639162,23.84000015258789,27.820538,20.5,27.806166
2021-03-11,29.0,27.798351,23.959999084472656,28.025915,20.700000762939453,28.016045
2021-03-12,29.1200008392334,27.470991,23.920000076293945,27.704308,20.520000457763672,27.698603
2021-03-15,29.26000022888184,27.5836,23.5,27.778715,20.5,27.771736
2021-03-16,29.299999237060547,27.648191,24.13999938964844,27.86969,20.5,27.861254
2021-03-17,29.65999984741211,27.653776,24.15999984741211,27.889284,20.200000762939453,27.882105
2021-03-18,29.18000030517578,27.790724,24.3799991607666,28.050886,20.040000915527344,28.050955
2021-03-19,29.100000381469727,27.57595,24.1200008392334,27.751295,19.799999237060547,27.75773
2021-03-22,28.799999237060547,27.57102,24.13999938964844,27.777159,19.809999465942383,27.77453
2021-03-23,28.1200008392334,27.434322,23.76000022888184,27.625715,19.670000076293945,27.621546
2021-03-24,28.15999984741211,27.103317,23.57999992370605,27.197052,19.479999542236328,27.203339
2021-03-25,28.559999465942383,27.120731,23.65999984741211,27.200336,20.0,27.206789
2021-03-26,28.6200008392334,27.414759,23.34000015258789,27.599287,19.96999931335449,27.584724
2021-03-29,28.81999969482422,27.430288,22.899999618530277,27.626242,19.5,27.61313
2021-03-30,28.65999984741211,27.457764,23.100000381469727,27.685549,19.559999465942383,27.681856
2021-03-31,29.15999984741211,27.341965,23.200000762939453,27.541193,19.399999618530277,27.54542
2021-04-01,28.899999618530277,27.570204,23.34000015258789,27.813124,19.190000534057617,27.823526
2021-04-07,29.280000686645508,27.489431,23.399999618530277,27.685328,19.440000534057617,27.694345
2021-04-08,29.0,27.667475,23.420000076293945,27.984352,19.11000061035156,27.984793
2021-04-09,28.63999938964844,27.56259,23.200000762939453,27.854412,18.809999465942383,27.851751
2021-04-12,28.920000076293945,27.324846,23.280000686645508,27.542248,18.57999992370605,27.554386
2021-04-13,29.200000762939453,27.480335,23.559999465942383,27.69998,18.5,27.714495
2021-04-14,29.020000457763672,27.63936,23.399999618530277,27.913916,18.520000457763672,27.923353
2021-04-15,29.239999771118164,27.56604,23.440000534057617,27.804281,17.899999618530273,27.815592
2021-04-16,29.3799991607666,27.637468,23.040000915527344,27.91755,17.799999237060547,27.932798
2021-04-19,29.36000061035156,27.753729,23.21999931335449,28.063437,17.889999389648438,28.072489
2021-04-20,28.899999618530277,27.735786,23.63999938964844,28.060389,17.709999084472656,28.070204
2021-04-21,29.0,27.517784,23.84000015258789,27.789333,18.729999542236328,27.796244
2021-04-22,29.36000061035156,27.563498,23.86000061035156,27.858538,18.65999984741211,27.865158
2021-04-23,29.21999931335449,27.786419,24.5,28.114916,18.3799991607666,28.119265
2021-04-26,29.15999984741211,27.737528,24.559999465942383,28.049456,17.850000381469727,28.051706
2021-04-27,29.34000015258789,27.65377,24.479999542236328,27.943663,17.489999771118164,27.956055
2021-04-28,29.459999084472656,27.779406,24.34000015258789,28.098639,17.350000381469727,28.107977
2021-04-29,28.799999237060547,27.847406,24.26000022888184,28.178576,17.059999465942383,28.18984
2021-04-30,28.479999542236328,27.511106,24.21999931335449,27.7731,17.229999542236328,27.77929
2021-05-03,28.780000686645508,27.43455,25.07999992370605,27.620117,17.239999771118164,27.620508
2021-05-04,28.63999938964844,27.566133,25.059999465942383,27.824852,17.559999465942383,27.824339
2021-05-05,28.780000686645508,27.535986,24.799999237060547,27.757704,17.170000076293945,27.754454
2021-05-06,28.81999969482422,27.55553,24.399999618530277,27.776808,16.920000076293945,27.783796
2021-05-07,28.739999771118164,27.553467,24.399999618530277,27.79318,16.8700008392334,27.80185
2021-05-10,28.1200008392334,27.512047,23.920000076293945,27.735014,15.81999969482422,27.744406
2021-05-11,28.399999618530277,27.220375,23.68000030517578,27.39529,15.81999969482422,27.39788
2021-05-12,27.979999542236328,27.420424,24.0,27.586378,15.970000267028809,27.590109
2021-05-13,28.200000762939453,27.199543,24.700000762939453,27.29224,16.06999969482422,27.301899
2021-05-14,28.3799991607666,27.327398,24.68000030517578,27.513144,14.9399995803833,27.512629
2021-05-17,28.780000686645508,27.401043,24.479999542236328,27.610735,14.81999969482422,27.613749
2021-05-18,28.6200008392334,27.565502,24.959999084472656,27.856947,15.550000190734863,27.863285
2021-05-20,28.63999938964844,27.483395,25.040000915527344,27.773409,15.90999984741211,27.77836
2021-05-21,28.65999984741211,27.448435,25.020000457763672,27.716303,15.420000076293944,27.731672
2021-05-24,29.18000030517578,27.465088,24.68000030517578,27.73729,16.229999542236328,27.752644
2021-05-25,29.3799991607666,27.710558,24.459999084472656,28.03774,16.68000030517578,28.060905
2021-05-26,29.3799991607666,27.757755,24.81999969482422,28.142084,16.670000076293945,28.170197
2021-05-27,29.420000076293945,27.76373,24.920000076293945,28.16109,16.459999084472656,28.189875
2021-05-28,29.399999618530277,27.809734,24.479999542236328,28.211954,16.200000762939453,28.240192
2021-05-31,29.780000686645508,27.815435,24.34000015258789,28.207947,17.420000076293945,28.236921
2021-06-01,29.57999992370605,28.028606,23.6200008392334,28.495989,17.700000762939453,28.521055
2021-06-02,29.26000022888184,27.886646,23.799999237060547,28.280697,18.450000762939453,28.313763
2021-06-03,29.239999771118164,27.749863,23.059999465942383,28.089777,18.36000061035156,28.114977
2021-06-04,29.13999938964844,27.816353,22.920000076293945,28.131845,18.149999618530277,28.150167
2021-06-07,29.1200008392334,27.764849,22.8799991607666,28.054207,18.07999992370605,28.072514
2021-06-08,29.100000381469727,27.75542,22.8799991607666,28.041075,17.770000457763672,28.059072
2021-06-09,29.07999992370605,27.759619,22.5,28.043211,17.520000457763672,28.058746
2021-06-10,29.200000762939453,27.750135,22.63999938964844,28.029383,17.6200008392334,28.044504
2021-06-11,29.0,27.814615,22.059999465942383,28.117699,17.780000686645508,28.136137
2021-06-15,28.799999237060547,27.70236,21.21999931335449,27.974924,17.68000030517578,27.987793
2021-06-16,28.8799991607666,27.589718,20.8799991607666,27.807226,17.420000076293945,27.819475
2021-06-17,29.15999984741211,27.644684,20.780000686645508,27.866243,18.31999969482422,27.88082
2021-06-18,28.86000061035156,27.804861,21.100000381469727,28.096292,18.700000762939453,28.11495
2021-06-21,28.65999984741211,27.629278,20.799999237060547,27.89179,18.81999969482422,27.903927
2021-06-22,29.21999931335449,27.518158,19.799999237060547,27.731987,,27.744596
2021-06-23,29.280000686645508,27.816994,18.649999618530277,28.097609,,28.122751
2021-06-24,29.6200008392334,27.896381,20.239999771118164,28.194988,,28.214655
2021-06-25,29.63999938964844,27.996622,21.68000030517578,28.38055,,28.40837
2021-06-28,29.420000076293945,28.021532,21.65999984741211,28.404972,,28.434008
2021-06-29,29.239999771118164,27.89187,21.399999618530277,28.260283,,28.284504
2021-06-30,28.739999771118164,27.801409,22.07999992370605,28.119005,,28.143105
2021-07-02,28.63999938964844,27.592869,22.31999969482422,27.829067,,27.84302
2021-07-05,28.559999465942383,27.552217,22.13999938964844,27.77534,,27.78582
2021-07-06,28.540000915527344,27.557371,21.57999992370605,27.733603,,27.741001
2021-07-07,27.739999771118164,27.544363,21.8799991607666,27.722185,,27.727457
2021-07-08,27.940000534057617,27.174477,22.1200008392334,27.289953,,27.287394
2021-07-09,28.100000381469727,27.24058,22.399999618530277,27.422625,,27.421263
2021-07-12,28.479999542236328,27.363615,22.280000686645508,27.520794,,27.522081
2021-07-13,28.299999237060547,27.529217,22.26000022888184,27.744158,,27.754019
2021-07-14,28.5,27.367493,22.700000762939453,27.594894,,27.608616
2021-07-15,28.600000381469727,27.46538,22.26000022888184,27.743317,,27.756683
2021-07-16,28.0,27.537174,22.020000457763672,27.811823,,27.826101
2021-07-19,27.76000022888184,27.200293,22.100000381469727,27.345118,,27.36986
2021-07-20,27.76000022888184,27.057032,21.420000076293945,27.197744,,27.221098
2021-07-21,28.239999771118164,27.166576,21.520000457763672,27.304962,,27.311354
2021-07-22,27.86000061035156,27.399065,21.57999992370605,27.661602,,27.667253
2021-07-23,26.700000762939453,27.225666,21.71999931335449,27.456945,,27.45823
2021-07-26,25.65999984741211,26.658142,21.21999931335449,26.79952,,26.80718
2021-07-27,26.040000915527344,26.298262,21.1200008392334,26.34335,,26.3476
2021-07-28,26.84000015258789,26.407862,20.8799991607666,26.547354,,26.548677
2021-07-29,26.520000457763672,26.863317,20.84000015258789,26.968204,,26.972614
2021-07-30,26.71999931335449,26.613525,20.15999984741211,26.665539,,26.688446
2021-08-02,26.68000030517578,26.6349,20.13999938964844,26.811762,,26.826996
2021-08-03,26.940000534057617,26.601786,20.13999938964844,26.779116,,26.794264
2021-08-04,26.71999931335449,26.682665,20.3799991607666,26.905241,,26.922613
2021-08-05,26.700000762939453,26.587252,21.21999931335449,26.796938,,26.812872
2021-08-06,26.76000022888184,26.547739,21.21999931335449,26.730062,,26.752153
2021-08-09,27.07999992370605,26.567621,20.979999542236328,26.763176,,26.784529
2021-08-10,27.13999938964844,26.713266,20.8799991607666,26.935156,,26.96034
2021-08-11,26.979999542236328,26.738544,20.13999938964844,26.968786,,26.994589
2021-08-12,26.899999618530277,26.607086,19.71999931335449,26.831701,,26.862309
2021-08-13,26.71999931335449,26.567709,19.959999084472656,26.785028,,26.81442
2021-08-16,26.26000022888184,26.49861,19.46999931335449,26.684301,,26.711111
2021-08-17,26.3799991607666,26.285212,20.0,26.435984,,26.458345
2021-08-18,25.84000015258789,26.353506,20.059999465942383,26.54256,,26.559427
2021-08-19,25.3799991607666,26.150507,20.71999931335449,26.273561,,26.284733
2021-08-20,25.68000030517578,25.955515,20.739999771118164,26.01792,,26.028788
2021-08-23,26.239999771118164,26.068438,20.280000686645508,26.211864,,26.221523
2021-08-24,26.26000022888184,26.342693,20.86000061035156,26.560387,,26.571293
2021-08-25,25.979999542236328,26.241007,20.6200008392334,26.44636,,26.473515
2021-08-26,25.959999084472656,26.109295,20.31999969482422,26.297857,,26.322504
2021-08-27,26.100000381469727,26.081326,20.3799991607666,26.266724,,26.292194
2021-08-30,26.420000076293945,26.187147,20.299999237060547,26.38064,,26.403011
2021-08-31,26.600000381469727,26.336494,20.920000076293945,26.562801,,26.590021
2021-09-01,26.700000762939453,26.35839,21.31999969482422,26.625525,,26.660654
2021-09-02,26.540000915527344,26.424593,21.6200008392334,26.709795,,26.743443
2021-09-03,26.76000022888184,26.30993,21.520000457763672,26.568825,,26.606821
2021-09-06,26.979999542236328,26.420153,21.34000015258789,26.69945,,26.740435
2021-09-07,26.899999618530277,26.53634,21.899999618530277,26.857512,,26.89753
2021-09-08,26.34000015258789,26.485811,21.799999237060547,26.812418,,26.851324
2021-09-09,26.84000015258789,26.200518,22.26000022888184,26.39493,,26.437052
2021-09-10,26.459999084472656,26.434574,22.15999984741211,26.669207,,26.717787
2021-09-13,26.15999984741211,26.299534,22.1200008392334,26.560394,,26.590345
2021-09-14,25.780000686645508,26.135384,21.34000015258789,26.339083,,26.373007
2021-09-15,25.36000061035156,25.992052,21.36000061035156,26.141657,,26.170763
2021-09-16,25.57999992370605,25.803108,21.63999938964844,25.896566,,25.925392
2021-09-17,24.76000022888184,26.013552,21.15999984741211,26.139801,,26.152784
2021-09-20,24.86000061035156,25.613726,21.459999084472656,25.721146,,25.731691
2021-09-21,25.18000030517578,25.567108,21.520000457763672,25.69895,,25.71581
2021-09-23,24.86000061035156,25.793999,21.8799991607666,25.920685,,25.933264
2021-09-24,24.81999969482422,25.542175,21.34000015258789,25.611681,,25.64094
2021-09-27,25.1200008392334,25.49027,21.6200008392334,25.562498,,25.591799
2021-09-28,25.31999969482422,25.677437,22.040000915527344,25.788645,,25.812904
2021-09-29,25.21999931335449,25.771978,22.57999992370605,25.927982,,25.949965
2021-09-30,24.71999931335449,25.632236,22.71999931335449,25.793001,,25.824072
2021-10-04,24.76000022888184,25.39281,22.3799991607666,25.52934,,25.556763
2021-10-05,24.6200008392334,25.477888,22.280000686645508,25.575388,,25.597818
2021-10-06,25.36000061035156,25.38466,22.280000686645508,25.481846,,25.503553
2021-10-07,25.479999542236328,25.763412,22.31999969482422,26.031015,,26.045164
2021-10-08,25.940000534057617,25.850561,22.020000457763672,26.110083,,26.12425
2021-10-11,25.600000381469727,25.951591,22.18000030517578,26.273355,,26.302979
2021-10-12,25.979999542236328,25.801058,22.21999931335449,26.101086,,26.126413
2021-10-15,26.100000381469727,25.944035,21.63999938964844,26.217974,,26.258045
2021-10-18,26.440000534057617,26.027624,21.36000061035156,26.318151,,26.355543
2021-10-19,26.81999969482422,26.145529,21.34000015258789,26.523264,,26.559645
2021-10-20,26.6200008392334,26.348814,21.239999771118164,26.735046,,26.772415
2021-10-21,26.76000022888184,26.17553,20.84000015258789,26.55852,,26.603607
2021-10-22,26.780000686645508,26.270767,21.36000061035156,26.672,,26.713905
2021-10-25,26.68000030517578,26.306938,21.21999931335449,26.684168,,26.728025
2021-10-26,26.280000686645508,26.27953,21.440000534057617,26.638966,,26.680166
2021-10-27,26.18000030517578,26.075077,21.07999992370605,26.334986,,26.378447
2021-10-28,25.520000457763672,26.034504,21.100000381469727,26.274733,,26.315958
2021-10-29,25.299999237060547,25.754913,21.1200008392334,25.87258,,25.91022
2021-11-01,25.299999237060547,25.630777,21.459999084472656,25.731678,,25.767406
2021-11-02,25.15999984741211,25.718603,21.200000762939453,25.842772,,25.859531
2021-11-03,25.3799991607666,25.65199,21.1200008392334,25.750418,,25.765005
2021-11-04,25.07999992370605,25.741259,20.68000030517578,25.90054,,25.914454
2021-11-05,24.959999084472656,25.601744,20.68000030517578,25.729078,,25.739279
2021-11-08,24.959999084472656,25.467216,20.200000762939453,25.569262,,25.588346
2021-11-09,25.15999984741211,25.506317,20.280000686645508,25.585865,,25.599833
2021-11-10,25.440000534057617,25.584507,20.68000030517578,25.697931,,25.716991
2021-11-11,25.5,25.727463,20.700000762939453,25.915255,,25.933226
2021-11-12,25.559999465942383,25.728514,20.559999465942383,25.94256,,25.962524
2021-11-15,25.799999237060547,25.707989,20.5,25.928045,,25.955988
2021-11-16,25.780000686645508,25.821806,20.13999938964844,26.076288,,26.108932
2021-11-17,25.399999618530277,25.777122,20.57999992370605,26.046843,,26.081553
2021-11-18,25.18000030517578,25.57518,20.71999931335449,25.741236,,25.776272
2021-11-19,25.100000381469727,25.46064,20.57999992370605,25.6012,,25.632244
2021-11-22,24.81999969482422,25.473454,20.34000015258789,25.607866,,25.628279
2021-11-23,24.86000061035156,25.351175,20.420000076293945,25.440744,,25.45605
2021-11-24,24.920000076293945,25.362028,20.280000686645508,25.46949,,25.482613
2021-11-25,24.26000022888184,25.412449,20.31999969482422,25.506205,,25.519682
2021-11-26,24.13999938964844,25.064552,20.280000686645508,25.11743,,25.125225
2021-11-29,23.6200008392334,25.063955,20.040000915527344,25.051254,,25.05493
2021-11-30,23.84000015258789,24.801449,19.799999237060547,24.768915,,24.770449
2021-12-01,23.959999084472656,24.875753,20.5,24.918985,,24.92153
2021-12-02,23.920000076293945,24.98074,20.700000762939453,24.994774,,24.997786
2021-12-03,23.5,24.869923,20.520000457763672,24.89018,,24.900717
2021-12-06,24.13999938964844,24.6539,20.5,24.656298,,24.664137
2021-12-07,24.15999984741211,24.98328,20.5,25.166933,,25.17256
2021-12-08,24.3799991607666,24.916044,20.200000762939453,25.04053,,25.06409
2021-12-09,24.1200008392334,25.029469,20.040000915527344,25.20689,,25.229073
2021-12-10,24.13999938964844,24.907425,19.799999237060547,25.062002,,25.080446
2021-12-13,23.76000022888184,24.864536,19.809999465942383,25.017303,,25.042307
2021-12-14,23.57999992370605,24.71383,19.670000076293945,24.813173,,24.832237
2021-12-15,23.65999984741211,24.658628,19.479999542236328,24.7105,,24.726404
2021-12-16,23.34000015258789,24.700886,20.0,24.748487,,24.765282
2021-12-17,22.899999618530277,24.508614,19.96999931335449,24.497038,,24.51943
2021-12-20,23.100000381469727,24.299345,19.5,24.23487,,24.257032
2021-12-21,23.200000762939453,24.359743,19.559999465942383,24.330275,,24.357618
2021-12-22,23.34000015258789,24.483269,19.399999618530277,24.49855,,24.511099
2021-12-23,23.399999618530277,24.503515,19.190000534057617,24.562323,,24.579313
2021-12-24,23.420000076293945,24.504316,19.440000534057617,24.577192,,24.597069
2021-12-28,23.200000762939453,24.484184,19.11000061035156,24.574732,,24.595634
2021-12-29,23.280000686645508,24.352201,18.809999465942383,24.42363,,24.443218
2021-12-30,23.559999465942383,24.414478,18.57999992370605,24.477882,,24.4984
2021-12-31,23.399999618530277,24.568485,18.5,24.716179,,24.736444
2022-01-03,23.440000534057617,24.47728,18.520000457763672,24.61375,,24.63112
2022-01-04,23.040000915527344,24.433935,17.899999618530273,24.57298,,24.599218
2022-01-05,23.21999931335449,24.254839,17.799999237060547,24.337008,,24.355555
2022-01-06,23.63999938964844,24.331362,17.889999389648438,24.469076,,24.48891
2022-01-07,23.84000015258789,24.599356,17.709999084472656,24.750078,,24.776392
2022-01-10,23.86000061035156,24.601364,18.729999542236328,24.809042,,24.846642
2022-01-11,24.5,24.626467,18.65999984741211,24.835192,,24.871973
2022-01-12,24.559999465942383,24.918552,18.3799991607666,25.19362,,25.238773
2022-01-13,24.479999542236328,24.980532,17.850000381469727,25.259148,,25.30293
2022-01-14,24.34000015258789,24.870798,17.489999771118164,25.196257,,25.24071
2022-01-17,24.26000022888184,24.800005,17.350000381469727,25.077297,,25.122778
2022-01-18,24.21999931335449,24.807705,17.059999465942383,25.054586,,25.094776
2022-01-19,25.07999992370605,24.807726,17.229999542236328,25.043013,,25.080301
2022-01-20,25.059999465942383,25.224485,17.239999771118164,25.518698,,25.565144
2022-01-21,24.799999237060547,25.258791,17.559999465942383,25.541555,,25.585876
2022-01-24,24.399999618530277,25.023571,17.170000076293945,25.345152,,25.386675
2022-01-25,24.399999618530277,24.87735,16.920000076293945,25.117659,,25.148228
2022-01-26,23.920000076293945,24.870716,16.8700008392334,25.111162,,25.1416
2022-01-27,23.68000030517578,24.687202,15.81999969482422,24.838165,,24.858368
2022-01-28,24.0,24.532045,15.81999969482422,24.63613,,24.65999
2022-01-31,24.700000762939453,24.802944,15.970000267028809,24.947727,,24.95864
2022-02-04,24.68000030517578,25.128706,16.06999969482422,25.324728,,25.343538
2022-02-07,24.479999542236328,25.067266,14.9399995803833,25.245129,,25.273937
2022-02-08,24.959999084472656,24.867989,14.81999969482422,25.069048,,25.102627
2022-02-09,25.040000915527344,25.165915,15.550000190734863,25.463554,,25.482798
2022-02-10,25.020000457763672,25.224665,15.90999984741211,25.522331,,25.54164
2022-02-11,24.68000030517578,25.135775,15.420000076293944,25.410261,,25.4442
2022-02-14,24.459999084472656,24.956528,16.229999542236328,25.151575,,25.186932
2022-02-15,24.81999969482422,24.904066,16.68000030517578,25.057783,,25.084711
2022-02-16,24.920000076293945,25.133877,16.670000076293945,25.371572,,25.387075
2022-02-17,24.479999542236328,25.119726,16.459999084472656,25.36554,,25.390707
2022-02-18,24.34000015258789,24.912981,16.200000762939453,25.111504,,25.129274
2022-02-21,23.6200008392334,24.87827,17.420000076293945,25.019434,,25.036016
2022-02-22,23.799999237060547,24.54165,17.700000762939453,24.628592,,24.638056
2022-02-23,23.059999465942383,24.59931,18.450000762939453,24.734438,,24.742533
2022-02-24,22.920000076293945,24.333225,18.36000061035156,24.37618,,24.377071
2022-02-25,22.8799991607666,24.16688,18.149999618530277,24.190592,,24.201496
2022-02-28,22.8799991607666,24.239351,18.07999992370605,24.190954,,24.194433
2022-03-01,22.5,24.203838,17.770000457763672,24.162455,,24.16501
2022-03-02,22.63999938964844,23.965263,17.520000457763672,23.868544,,23.88072
2022-03-03,22.059999465942383,23.991646,17.6200008392334,23.919786,,23.935553
2022-03-04,21.21999931335449,23.745768,17.780000686645508,23.69908,,23.702078
2022-03-07,20.8799991607666,23.396313,17.68000030517578,23.304945,,23.306524
2022-03-08,20.780000686645508,23.299307,17.420000076293945,23.134596,,23.133213
2022-03-09,21.100000381469727,23.231771,18.31999969482422,23.041307,,23.038988
2022-03-10,20.799999237060547,23.35272,18.700000762939453,23.25653,,23.251566
2022-03-11,19.799999237060547,23.183306,18.81999969482422,23.085932,,23.081202
2022-03-14,18.649999618530277,22.637066,,22.53173,,22.541431
2022-03-15,20.239999771118164,22.18607,,22.034262,,22.046347
2022-03-16,21.68000030517578,23.11178,,22.873255,,22.889835
2022-03-17,21.65999984741211,23.883312,,23.870888,,23.844267
2022-03-18,21.399999618530277,23.235441,,23.37377,,23.413212
2022-03-21,22.07999992370605,23.126766,,23.22371,,23.269333
2022-03-22,22.31999969482422,23.565073,,23.76803,,23.784271
2022-03-23,22.13999938964844,23.71361,,23.909014,,23.924328
2022-03-24,21.57999992370605,23.495745,,23.633352,,23.676802
2022-03-25,21.8799991607666,23.213923,,23.37068,,23.414219
2022-03-28,22.1200008392334,23.412355,,23.620935,,23.649847
2022-03-29,22.399999618530277,23.627817,,23.772947,,23.798342
2022-03-30,22.280000686645508,23.723925,,23.89815,,23.926186
2022-03-31,22.26000022888184,23.579504,,23.746859,,23.788305
2022-04-01,22.700000762939453,23.58351,,23.746912,,23.787716
2022-04-04,22.26000022888184,23.856869,,24.09255,,24.117792
2022-04-06,22.020000457763672,23.547373,,23.682579,,23.73147
2022-04-07,22.100000381469727,23.433615,,23.56035,,23.607655
2022-04-08,21.420000076293945,23.600063,,23.716696,,23.7479
2022-04-11,21.520000457763672,23.253996,,23.362558,,23.390951
2022-04-12,21.57999992370605,23.27609,,23.407293,,23.433634
2022-04-13,21.71999931335449,23.393896,,23.453577,,23.476088
2022-04-14,21.21999931335449,23.43012,,23.515604,,23.538769
2022-04-19,21.1200008392334,23.165546,,23.243196,,23.263704
2022-04-20,20.8799991607666,23.047123,,23.105892,,23.133923
2022-04-21,20.84000015258789,22.9842,,22.984251,,23.008121
2022-04-22,20.15999984741211,22.9504,,22.95072,,22.972124
2022-04-25,20.13999938964844,22.629496,,22.600168,,22.6185
2022-04-26,20.13999938964844,22.573769,,22.549559,,22.567476
2022-04-27,20.3799991607666,22.647505,,22.547804,,22.561506
2022-04-28,21.21999931335449,22.742414,,22.673437,,22.691233
2022-04-29,21.21999931335449,23.210363,,23.332506,,23.335093
2022-05-03,20.979999542236328,22.974087,,23.092016,,23.127184
2022-05-04,20.8799991607666,22.850082,,22.91611,,22.955528
2022-05-05,20.13999938964844,22.798847,,22.85879,,22.89694
2022-05-06,19.71999931335449,22.500973,,22.53592,,22.560156
2022-05-10,19.959999084472656,22.229506,,22.201435,,22.23822
2022-05-11,19.46999931335449,22.437698,,22.34499,,22.38055
2022-05-12,20.0,22.236542,,22.084114,,22.118425
2022-05-13,20.059999465942383,22.422676,,22.336342,,22.378778
2022-05-16,20.71999931335449,22.563326,,22.508251,,22.53037
2022-05-17,20.739999771118164,22.786104,,22.824667,,22.855688
2022-05-18,20.280000686645508,22.675825,,22.79032,,22.827616
2022-05-19,20.86000061035156,22.42904,,22.453516,,22.500988
2022-05-20,20.6200008392334,22.708212,,22.75317,,22.804419
2022-05-23,20.31999969482422,22.700428,,22.712519,,22.75172
2022-05-24,20.3799991607666,22.448229,,22.521414,,22.56242
2022-05-25,20.299999237060547,22.528976,,22.622725,,22.65334
2022-05-26,20.920000076293945,22.53489,,22.589548,,22.617336
2022-05-27,21.31999969482422,22.838785,,22.906816,,22.941233
2022-05-30,21.6200008392334,22.941095,,23.090338,,23.1304
2022-05-31,21.520000457763672,23.135855,,23.329214,,23.360723
2022-06-01,21.34000015258789,22.974173,,23.176058,,23.221779
2022-06-02,21.899999618530277,22.919863,,23.080252,,23.12469
2022-06-06,21.799999237060547,23.206104,,23.375734,,23.422228
2022-06-07,22.26000022888184,23.22399,,23.370878,,23.411642
2022-06-08,22.15999984741211,23.370857,,23.585615,,23.630865
2022-06-09,22.1200008392334,23.301977,,23.55661,,23.598879
2022-06-10,21.34000015258789,23.323488,,23.558165,,23.598503
2022-06-13,21.36000061035156,22.957428,,23.125704,,23.155275
2022-06-14,21.63999938964844,23.079977,,23.163458,,23.18837
2022-06-15,21.15999984741211,23.20268,,23.30287,,23.33034
2022-06-16,21.459999084472656,22.915228,,23.020277,,23.044565
2022-06-17,21.520000457763672,23.064856,,23.231916,,23.250093
2022-06-20,21.8799991607666,23.172392,,23.287262,,23.302801
2022-06-21,21.34000015258789,23.300814,,23.474012,,23.492613
2022-06-22,21.6200008392334,23.034775,,23.17911,,23.191925
2022-06-23,22.040000915527344,23.095856,,23.28335,,23.303017
2022-06-24,22.57999992370605,23.39361,,23.532629,,23.551235
2022-06-27,22.71999931335449,23.53339,,23.717533,,23.750317
2022-06-28,22.3799991607666,23.645153,,23.84478,,23.873278
2022-06-29,22.280000686645508,23.421993,,23.649866,,23.676632
2022-06-30,22.280000686645508,23.349855,,23.548868,,23.581587
2022-07-04,22.31999969482422,23.435349,,23.598722,,23.625689
2022-07-05,22.020000457763672,23.461248,,23.625074,,23.65215
2022-07-06,22.18000030517578,23.30968,,23.449293,,23.471796
2022-07-07,22.21999931335449,23.392275,,23.565952,,23.585653
2022-07-08,21.63999938964844,23.46171,,23.604092,,23.622238
2022-07-11,21.36000061035156,23.098455,,23.103281,,23.135048
2022-07-12,21.34000015258789,22.92942,,22.92736,,22.957012
2022-07-13,21.239999771118164,23.017756,,23.034616,,23.044935
2022-07-14,20.84000015258789,22.987602,,22.970247,,22.97797
2022-07-15,21.36000061035156,22.78345,,22.74174,,22.74514
2022-07-18,21.21999931335449,23.085842,,23.052942,,23.063095
2022-07-19,21.440000534057617,22.995632,,22.935328,,22.948214
2022-07-20,21.07999992370605,23.001781,,23.023573,,23.043226
2022-07-21,21.100000381469727,22.811348,,22.84353,,22.855804
2022-07-22,21.1200008392334,22.803154,,22.842045,,22.854027
2022-07-25,21.459999084472656,22.859343,,22.859922,,22.869883
2022-07-26,21.200000762939453,23.016151,,23.05323,,23.069952
2022-07-27,21.1200008392334,22.870356,,22.84707,,22.867544
2022-07-28,20.68000030517578,22.818117,,22.82625,,22.840927
2022-07-29,20.68000030517578,22.586184,,22.571156,,22.581362
2022-08-01,20.200000762939453,22.577637,,22.568565,,22.576048
2022-08-02,20.280000686645508,22.390621,,22.317041,,22.318537
2022-08-03,20.68000030517578,22.399487,,22.35427,,22.355492
2022-08-04,20.700000762939453,22.669825,,22.617174,,22.623713
2022-08-05,20.559999465942383,22.652103,,22.601805,,22.610916
2022-08-08,20.5,22.500013,,22.489658,,22.499603
2022-08-09,20.13999938964844,22.447126,,22.423445,,22.435062
2022-08-10,20.57999992370605,22.274921,,22.216898,,22.223888
2022-08-11,20.71999931335449,22.530743,,22.60034,,22.60093
2022-08-12,20.57999992370605,22.663942,,22.7028,,22.703085
2022-08-15,20.34000015258789,22.473139,,22.462313,,22.48124
2022-08-16,20.420000076293945,22.319216,,22.309092,,22.325762
2022-08-17,20.280000686645508,22.386662,,22.404844,,22.415512
2022-08-18,20.31999969482422,22.347942,,22.327751,,22.334833
2022-08-19,20.280000686645508,22.338755,,22.328825,,22.338627
2022-08-22,20.040000915527344,22.320553,,22.283016,,22.293896
2022-08-23,19.799999237060547,22.185167,,22.12973,,22.13708
2022-08-24,20.5,22.036308,,21.932592,,21.943396
2022-08-25,20.700000762939453,22.546589,,22.628199,,22.62237
2022-08-26,20.520000457763672,22.658493,,22.75429,,22.751097
2022-08-29,20.5,22.388435,,22.411243,,22.437199
2022-08-30,20.5,22.346348,,22.39028,,22.417032
2022-08-31,20.200000762939453,22.393393,,22.442831,,22.462788
2022-09-01,20.040000915527344,22.24143,,22.258512,,22.272955
2022-09-02,19.799999237060547,22.201532,,22.171453,,22.181696
2022-09-05,19.809999465942383,22.045464,,21.964151,,21.97919
2022-09-06,19.670000076293945,22.057913,,21.961834,,21.976374
2022-09-07,19.479999542236328,22.026482,,21.93448,,21.938524
2022-09-08,20.0,21.896523,,21.767286,,21.775846
2022-09-09,19.96999931335449,22.190546,,22.126371,,22.148535
2022-09-13,19.5,22.220991,,22.155867,,22.170935
2022-09-14,19.559999465942383,21.876352,,21.846397,,21.859108
2022-09-15,19.399999618530277,21.900547,,21.8925,,21.903816
2022-09-16,19.190000534057617,21.887888,,21.814703,,21.82108
2022-09-19,19.440000534057617,21.773333,,21.671125,,21.67691
2022-09-20,19.11000061035156,21.906586,,21.886427,,21.890976
2022-09-21,18.809999465942383,21.764313,,21.70316,,21.702986
2022-09-22,18.57999992370605,21.499975,,21.374807,,21.392756
2022-09-23,18.5,21.47473,,21.28161,,21.292181
2022-09-26,18.520000457763672,21.39686,,21.20801,,21.2186
2022-09-27,17.899999618530273,21.451828,,21.268778,,21.27028
2022-09-28,17.799999237060547,21.103836,,20.93017,,20.930817
2022-09-29,17.889999389648438,20.995546,,20.812841,,20.817514
2022-09-30,17.709999084472656,21.161749,,20.93761,,20.933487
